investor_id,avg_gap,total_sips,at_risk
INV000001,76.0,2,True
INV000002,207.0,3,True
INV000003,238.0,2,True
INV000004,85.4,6,True
INV000005,14.0,3,False
INV000006,123.75,5,True
INV000007,104.5,5,True
INV000008,70.4,6,True
INV000009,85.33333333333333,4,True
INV000010,64.8,6,True
INV000011,40.166666666666664,7,True
INV000012,57.0,8,True
INV000013,55.333333333333336,7,True
INV000014,75.33333333333333,7,True
INV000015,,1,False
INV000016,,1,False
INV000017,,1,False
INV000018,50.0,2,True
INV000019,205.0,3,True
INV000020,16.0,2,False
INV000021,144.0,3,True
INV000022,40.0,2,True
INV000023,58.57142857142857,8,True
INV000024,75.75,5,True
INV000025,,1,False
INV000026,144.66666666666666,4,True
INV000027,341.0,2,True
INV000028,93.6,6,True
INV000029,60.666666666666664,7,True
INV000030,47.625,9,True
INV000031,145.0,3,True
INV000032,102.33333333333333,4,True
INV000033,45.57142857142857,8,True
INV000034,,1,False
INV000035,144.0,2,True
INV000036,99.0,2,True
INV000037,63.0,2,True
INV000038,69.0,4,True
INV000039,68.6,6,True
INV000040,55.0,5,True
INV000041,,1,False
INV000042,22.666666666666668,4,False
INV000043,,1,False
INV000044,17.0,2,False
INV000045,70.6,6,True
INV000046,33.666666666666664,4,False
INV000047,77.0,2,True
INV000048,46.0,9,True
INV000049,247.5,3,True
INV000050,143.0,2,True
INV000051,74.5,3,True
INV000052,36.2,6,True
INV000053,7.0,2,False
INV000054,68.25,5,True
INV000055,100.0,5,True
INV000056,74.8,6,True
INV000057,49.714285714285715,8,True
INV000058,76.75,5,True
INV000059,,1,False
INV000060,90.0,2,True
INV000061,20.0,3,False
INV000062,116.0,5,True
INV000063,218.0,3,True
INV000065,112.33333333333333,4,True
INV000066,98.0,2,True
INV000067,,1,False
INV000069,49.111111111111114,10,True
INV000070,92.0,3,True
INV000071,24.333333333333332,4,False
INV000072,83.0,6,True
INV000073,48.25,9,True
INV000074,72.57142857142857,8,True
INV000075,74.8,6,True
INV000076,91.8,6,True
INV000078,,1,False
INV000079,65.8,6,True
INV000080,81.0,4,True
INV000081,81.33333333333333,7,True
INV000082,83.66666666666667,7,True
INV000083,,1,False
INV000084,102.0,4,True
INV000085,91.25,5,True
INV000086,44.666666666666664,10,True
INV000087,92.8,6,True
INV000088,9.0,2,False
INV000089,121.33333333333333,4,True
INV000090,145.5,3,True
INV000091,44.0,8,True
INV000092,7.5,3,False
INV000093,55.5,7,True
INV000094,44.8,6,True
INV000095,69.4,6,True
INV000096,2.0,2,False
INV000097,54.5,7,True
INV000098,51.25,5,True
INV000099,91.75,5,True
INV000100,215.0,3,True
INV000101,65.0,8,True
INV000102,65.28571428571429,8,True
INV000103,83.4,6,True
INV000104,115.0,5,True
INV000105,57.0,8,True
INV000106,112.0,2,True
INV000107,100.0,3,True
INV000108,70.0,3,True
INV000109,46.25,9,True
INV000110,122.0,3,True
INV000111,,1,False
INV000112,120.5,3,True
INV000113,46.0,8,True
INV000114,,1,False
INV000115,140.33333333333334,4,True
INV000116,157.5,3,True
INV000117,117.33333333333333,4,True
INV000118,50.5,5,True
INV000119,142.0,2,True
INV000120,117.5,3,True
INV000121,170.0,2,True
INV000122,,1,False
INV000123,59.666666666666664,7,True
INV000124,144.66666666666666,4,True
INV000125,85.75,5,True
INV000126,,1,False
INV000127,,1,False
INV000128,82.0,6,True
INV000129,108.5,5,True
INV000130,170.0,2,True
INV000131,56.0,7,True
INV000132,71.0,6,True
INV000133,88.2,6,True
INV000134,87.0,3,True
INV000135,120.0,3,True
INV000136,,1,False
INV000137,81.33333333333333,4,True
INV000138,76.2,6,True
INV000139,,1,False
INV000140,157.0,2,True
INV000141,,1,False
INV000143,102.66666666666667,4,True
INV000144,182.5,3,True
INV000145,89.4,6,True
INV000146,66.8,6,True
INV000147,116.0,4,True
INV000148,52.0,9,True
INV000150,100.75,5,True
INV000151,136.5,3,True
INV000152,,1,False
INV000153,44.0,4,True
INV000154,64.0,5,True
INV000155,37.333333333333336,7,True
INV000156,159.66666666666666,4,True
INV000158,103.0,5,True
INV000159,201.0,3,True
INV000160,37.0,3,True
INV000161,73.0,7,True
INV000162,435.0,2,True
INV000163,61.0,8,True
INV000164,61.8,6,True
INV000165,141.66666666666666,4,True
INV000166,166.0,4,True
INV000167,97.5,5,True
INV000168,,1,False
INV000169,67.83333333333333,7,True
INV000170,18.0,2,False
INV000171,98.0,2,True
INV000172,133.33333333333334,4,True
INV000173,57.666666666666664,7,True
INV000174,119.5,5,True
INV000175,83.66666666666667,7,True
INV000176,201.5,3,True
INV000177,65.42857142857143,8,True
INV000178,230.0,2,True
INV000179,39.75,5,True
INV000180,61.8,6,True
INV000181,160.5,3,True
INV000182,70.5,5,True
INV000183,56.125,9,True
INV000184,,1,False
INV000185,196.0,2,True
INV000189,153.5,3,True
INV000190,55.0,5,True
INV000191,56.5,7,True
INV000192,99.75,5,True
INV000193,155.33333333333334,4,True
INV000194,58.0,7,True
INV000195,77.4,6,True
INV000196,69.0,7,True
INV000197,,1,False
INV000198,,1,False
INV000199,65.0,4,True
INV000200,113.66666666666667,4,True
INV000201,51.125,9,True
INV000202,348.0,2,True
INV000203,42.75,5,True
INV000204,48.0,2,True
INV000205,62.57142857142857,8,True
INV000206,,1,False
INV000207,95.0,5,True
INV000208,,1,False
INV000209,,1,False
INV000210,70.71428571428571,8,True
INV000211,116.0,5,True
INV000212,,1,False
INV000213,90.0,4,True
INV000214,94.8,6,True
INV000215,109.25,5,True
INV000216,61.333333333333336,4,True
INV000217,92.0,6,True
INV000218,,1,False
INV000219,126.0,3,True
INV000220,100.75,5,True
INV000221,34.75,5,False
INV000222,39.666666666666664,4,True
INV000223,114.75,5,True
INV000224,74.66666666666667,4,True
INV000225,125.33333333333333,4,True
INV000226,84.33333333333333,4,True
INV000227,108.0,3,True
INV000228,59.75,9,True
INV000229,67.75,5,True
INV000230,60.75,5,True
INV000231,47.0,5,True
INV000232,,1,False
INV000233,,1,False
INV000234,121.75,5,True
INV000235,74.33333333333333,4,True
INV000236,67.14285714285714,8,True
INV000237,,1,False
INV000238,93.6,6,True
INV000239,48.857142857142854,8,True
INV000240,,1,False
INV000241,110.5,3,True
INV000242,62.5,3,True
INV000243,88.2,6,True
INV000244,23.333333333333332,4,False
INV000245,92.2,6,True
INV000246,92.33333333333333,4,True
INV000248,,1,False
INV000249,45.5,7,True
INV000251,223.0,2,True
INV000252,50.4,6,True
INV000253,,1,False
INV000254,249.0,2,True
INV000255,48.6,6,True
INV000256,70.2,6,True
INV000257,93.25,5,True
INV000258,,1,False
INV000259,70.6,6,True
INV000260,59.57142857142857,8,True
INV000261,131.33333333333334,4,True
INV000262,53.57142857142857,8,True
INV000263,68.42857142857143,8,True
INV000264,,1,False
INV000265,53.44444444444444,10,True
INV000266,101.0,4,True
INV000267,86.75,5,True
INV000268,62.333333333333336,7,True
INV000269,180.0,2,True
INV000270,130.0,2,True
INV000271,342.0,2,True
INV000272,96.33333333333333,4,True
INV000273,,1,False
INV000274,100.75,5,True
INV000275,17.0,2,False
INV000276,80.0,4,True
INV000277,,1,False
INV000278,354.0,2,True
INV000279,43.375,9,True
INV000280,55.75,9,True
INV000281,,1,False
INV000282,53.0,2,True
INV000283,68.0,6,True
INV000284,58.0,4,True
INV000285,140.0,2,True
INV000286,115.0,5,True
INV000287,69.83333333333333,7,True
INV000288,114.25,5,True
INV000289,62.714285714285715,8,True
INV000290,,1,False
INV000291,89.0,6,True
INV000292,46.0,7,True
INV000293,47.0,7,True
INV000294,54.5,5,True
INV000295,8.0,2,False
INV000296,158.0,2,True
INV000297,90.6,6,True
INV000298,92.5,5,True
INV000299,85.2,6,True
INV000300,76.5,3,True
INV000301,68.5,5,True
INV000302,,1,False
INV000303,209.0,3,True
INV000304,70.0,7,True
INV000305,55.0,4,True
INV000306,76.0,3,True
INV000307,162.0,2,True
INV000308,117.0,5,True
INV000309,52.0,8,True
INV000310,75.83333333333333,7,True
INV000311,152.0,3,True
INV000312,119.75,5,True
INV000313,310.0,2,True
INV000314,69.0,4,True
INV000315,75.66666666666667,4,True
INV000316,86.75,5,True
INV000317,146.33333333333334,4,True
INV000318,97.4,6,True
INV000319,73.5,7,True
INV000320,70.0,5,True
INV000321,72.83333333333333,7,True
INV000322,121.0,3,True
INV000323,67.0,3,True
INV000325,227.0,2,True
INV000326,154.5,3,True
INV000327,50.0,2,True
INV000328,37.5,9,True
INV000329,88.66666666666667,4,True
INV000330,137.0,4,True
INV000331,50.714285714285715,8,True
INV000332,27.333333333333332,4,False
INV000333,150.33333333333334,4,True
INV000334,25.5,7,False
INV000335,96.0,6,True
INV000336,150.0,2,True
INV000337,103.5,5,True
INV000338,,1,False
INV000339,94.0,6,True
INV000340,32.0,5,False
INV000341,54.42857142857143,8,True
INV000342,,1,False
INV000343,248.0,2,True
INV000344,30.5,5,False
INV000345,,1,False
INV000346,,1,False
INV000347,,1,False
INV000348,284.0,2,True
INV000349,106.33333333333333,4,True
INV000350,85.0,2,True
INV000351,86.5,5,True
INV000352,80.75,5,True
INV000353,,1,False
INV000354,234.5,3,True
INV000355,,1,False
INV000356,54.4,6,True
INV000357,85.5,3,True
INV000358,,1,False
INV000359,54.125,9,True
INV000360,122.0,5,True
INV000361,98.0,3,True
INV000363,77.0,7,True
INV000364,94.5,3,True
INV000366,82.0,4,True
INV000367,56.333333333333336,4,True
INV000368,,1,False
INV000369,43.8,6,True
INV000370,116.75,5,True
INV000371,59.285714285714285,8,True
INV000372,54.5,7,True
INV000373,48.0,2,True
INV000374,127.66666666666667,4,True
INV000376,,1,False
INV000377,75.25,5,True
INV000378,117.5,3,True
INV000379,44.0,3,True
INV000380,97.0,6,True
INV000381,,1,False
INV000382,,1,False
INV000383,107.25,5,True
INV000384,78.25,5,True
INV000385,92.66666666666667,4,True
INV000386,,1,False
INV000387,103.0,3,True
INV000388,53.625,9,True
INV000389,127.5,3,True
INV000390,135.5,3,True
INV000391,,1,False
INV000392,77.16666666666667,7,True
INV000393,43.0,2,True
INV000394,90.0,5,True
INV000395,55.666666666666664,7,True
INV000396,83.2,6,True
INV000397,128.0,4,True
INV000399,49.55555555555556,10,True
INV000400,62.6,6,True
INV000401,21.333333333333332,4,False
INV000402,94.0,4,True
INV000403,58.2,6,True
INV000404,,1,False
INV000405,65.0,2,True
INV000406,,1,False
INV000407,82.4,6,True
INV000408,46.8,6,True
INV000409,375.0,2,True
INV000410,92.25,5,True
INV000411,67.0,4,True
INV000412,43.714285714285715,8,True
INV000413,102.5,5,True
INV000414,66.28571428571429,8,True
INV000415,66.16666666666667,7,True
INV000416,119.0,2,True
INV000417,104.33333333333333,4,True
INV000418,86.8,6,True
INV000419,112.0,3,True
INV000420,,1,False
INV000421,91.66666666666667,4,True
INV000422,,1,False
INV000423,187.5,3,True
INV000424,,1,False
INV000425,39.5,3,True
INV000426,39.0,2,True
INV000427,68.5,7,True
INV000428,52.142857142857146,8,True
INV000429,77.2,6,True
INV000430,148.66666666666666,4,True
INV000431,86.25,5,True
INV000432,216.0,3,True
INV000433,66.5,5,True
INV000434,,1,False
INV000435,,1,False
INV000436,73.0,5,True
INV000437,97.8,6,True
INV000438,184.0,2,True
INV000439,24.25,5,False
INV000440,69.57142857142857,8,True
INV000441,60.8,6,True
INV000442,217.5,3,True
INV000443,373.0,2,True
INV000444,73.2,6,True
INV000445,57.75,9,True
INV000446,38.6,6,True
INV000449,46.8,6,True
INV000450,,1,False
INV000452,49.375,9,True
INV000453,98.0,4,True
INV000454,232.5,3,True
INV000455,75.0,2,True
INV000456,45.25,5,True
INV000457,91.4,6,True
INV000458,81.75,5,True
INV000459,82.0,4,True
INV000460,43.4,6,True
INV000461,67.5,3,True
INV000462,79.0,2,True
INV000463,65.16666666666667,7,True
INV000465,102.66666666666667,4,True
INV000466,73.33333333333333,7,True
INV000467,56.666666666666664,10,True
INV000468,,1,False
INV000469,70.5,7,True
INV000470,401.0,2,True
INV000471,121.0,3,True
INV000472,,1,False
INV000473,105.0,4,True
INV000474,103.5,5,True
INV000475,90.0,2,True
INV000476,10.0,3,False
INV000477,,1,False
INV000478,61.0,2,True
INV000479,99.0,2,True
INV000480,105.0,5,True
INV000481,156.33333333333334,4,True
INV000482,133.5,3,True
INV000483,70.42857142857143,8,True
INV000484,,1,False
INV000485,138.66666666666666,4,True
INV000487,88.25,5,True
INV000488,102.33333333333333,4,True
INV000489,66.0,4,True
INV000490,231.0,2,True
INV000491,95.0,6,True
INV000492,145.33333333333334,4,True
INV000493,47.55555555555556,10,True
INV000494,74.0,4,True
INV000495,24.75,5,False
INV000496,81.25,5,True
INV000497,71.83333333333333,7,True
INV000498,,1,False
INV000499,77.83333333333333,7,True
INV000500,133.0,3,True
INV000501,100.5,3,True
INV000502,,1,False
INV000503,,1,False
INV000504,,1,False
INV000505,93.33333333333333,4,True
INV000506,71.5,3,True
INV000507,70.16666666666667,7,True
INV000509,61.0,3,True
INV000510,190.0,2,True
INV000511,132.66666666666666,4,True
INV000512,54.75,9,True
INV000513,103.0,2,True
INV000514,100.66666666666667,4,True
INV000516,,1,False
INV000517,20.0,3,False
INV000518,,1,False
INV000519,108.0,3,True
INV000520,64.5,3,True
INV000521,70.0,3,True
INV000522,100.8,6,True
INV000523,92.25,5,True
INV000524,55.0,7,True
INV000525,68.75,5,True
INV000526,47.5,3,True
INV000527,50.8,6,True
INV000528,,1,False
INV000529,59.2,6,True
INV000530,104.0,3,True
INV000531,47.0,7,True
INV000532,73.0,5,True
INV000533,148.0,4,True
INV000534,,1,False
INV000535,154.0,4,True
INV000536,25.0,2,False
INV000537,200.0,2,True
INV000538,39.5,3,True
INV000539,77.0,7,True
INV000540,73.5,7,True
INV000541,56.0,2,True
INV000542,164.33333333333334,4,True
INV000543,83.66666666666667,7,True
INV000544,99.33333333333333,4,True
INV000545,80.6,6,True
INV000546,55.0,9,True
INV000547,55.8,6,True
INV000548,133.66666666666666,4,True
INV000549,96.2,6,True
INV000550,149.0,4,True
INV000551,160.0,3,True
INV000552,116.0,5,True
INV000553,72.0,6,True
INV000554,70.2,6,True
INV000555,58.0,2,True
INV000556,52.42857142857143,8,True
INV000557,102.5,5,True
INV000558,74.66666666666667,4,True
INV000559,50.0,3,True
INV000560,62.0,3,True
INV000561,,1,False
INV000562,74.4,6,True
INV000563,76.33333333333333,7,True
INV000564,162.0,2,True
INV000565,181.0,2,True
INV000566,35.0,7,False
INV000567,63.8,6,True
INV000568,62.4,6,True
INV000569,77.75,5,True
INV000570,67.28571428571429,8,True
INV000571,,1,False
INV000572,224.0,3,True
INV000573,50.833333333333336,7,True
INV000574,6.0,2,False
INV000575,71.6,6,True
INV000576,76.0,5,True
INV000577,32.25,5,False
INV000578,66.83333333333333,7,True
INV000579,,1,False
INV000580,55.75,5,True
INV000581,78.33333333333333,7,True
INV000583,32.5,3,False
INV000584,111.75,5,True
INV000585,74.0,5,True
INV000586,44.5,7,True
INV000587,49.5,5,True
INV000588,,1,False
INV000589,59.125,9,True
INV000590,114.0,3,True
INV000591,64.5,7,True
INV000592,109.66666666666667,4,True
INV000593,74.2,6,True
INV000594,,1,False
INV000595,104.25,5,True
INV000596,51.75,9,True
INV000597,88.6,6,True
INV000598,124.33333333333333,4,True
INV000599,81.5,7,True
INV000600,148.0,4,True
INV000601,73.5,5,True
INV000602,103.0,5,True
INV000603,132.66666666666666,4,True
INV000604,127.66666666666667,4,True
INV000605,,1,False
INV000606,98.66666666666667,4,True
INV000607,66.66666666666667,7,True
INV000608,100.2,6,True
INV000609,47.0,6,True
INV000611,86.5,5,True
INV000612,49.3,11,True
INV000613,236.0,2,True
INV000614,3.0,2,False
INV000615,55.833333333333336,7,True
INV000616,123.0,5,True
INV000617,,1,False
INV000618,7.0,2,False
INV000619,45.0,5,True
INV000620,,1,False
INV000621,350.0,2,True
INV000622,89.5,5,True
INV000623,122.66666666666667,4,True
INV000624,31.666666666666668,7,False
INV000625,86.4,6,True
INV000626,116.5,3,True
INV000627,,1,False
INV000628,304.0,2,True
INV000629,113.33333333333333,4,True
INV000630,68.66666666666667,7,True
INV000631,54.0,6,True
INV000632,,1,False
INV000633,107.75,5,True
INV000634,52.25,9,True
INV000635,75.0,6,True
INV000636,56.0,3,True
INV000637,38.0,3,True
INV000638,165.66666666666666,4,True
INV000639,84.0,3,True
INV000640,,1,False
INV000641,54.8,6,True
INV000642,53.5,9,True
INV000643,103.0,4,True
INV000644,11.333333333333334,4,False
INV000645,66.0,6,True
INV000646,62.333333333333336,7,True
INV000647,,1,False
INV000648,65.33333333333333,4,True
INV000649,92.25,5,True
INV000650,217.0,3,True
INV000651,94.0,6,True
INV000652,93.8,6,True
INV000653,164.0,2,True
INV000654,,1,False
INV000656,141.0,3,True
INV000657,64.71428571428571,8,True
INV000658,94.75,5,True
INV000659,166.66666666666666,4,True
INV000660,52.5,5,True
INV000661,105.75,5,True
INV000662,66.14285714285714,8,True
INV000663,94.4,6,True
INV000664,91.66666666666667,4,True
INV000665,36.22222222222222,10,True
INV000666,77.25,5,True
INV000667,68.0,6,True
INV000668,254.0,3,True
INV000669,,1,False
INV000670,99.0,3,True
INV000671,125.0,4,True
INV000672,33.0,2,False
INV000673,92.8,6,True
INV000674,,1,False
INV000675,62.8,6,True
INV000676,35.3,11,True
INV000677,,1,False
INV000678,63.333333333333336,7,True
INV000679,68.0,3,True
INV000680,158.0,2,True
INV000681,137.5,3,True
INV000682,374.0,2,True
INV000683,54.5,9,True
INV000684,201.5,3,True
INV000685,,1,False
INV000686,,1,False
INV000687,177.0,3,True
INV000688,81.0,2,True
INV000689,74.25,5,True
INV000690,56.285714285714285,8,True
INV000691,66.4,6,True
INV000692,,1,False
INV000693,378.0,2,True
INV000695,86.5,5,True
INV000696,104.66666666666667,4,True
INV000698,52.25,9,True
INV000699,42.8,6,True
INV000700,60.5,3,True
INV000701,83.66666666666667,7,True
INV000702,287.0,2,True
INV000703,173.0,3,True
INV000704,101.25,5,True
INV000705,247.0,2,True
INV000706,93.5,5,True
INV000707,34.375,9,False
INV000708,131.66666666666666,4,True
INV000709,65.16666666666667,7,True
INV000710,88.6,6,True
INV000711,130.66666666666666,4,True
INV000713,114.5,3,True
INV000714,37.0,9,True
INV000715,58.75,5,True
INV000716,,1,False
INV000717,155.33333333333334,4,True
INV000718,57.833333333333336,7,True
INV000719,72.83333333333333,7,True
INV000720,123.75,5,True
INV000721,52.0,4,True
INV000722,114.0,3,True
INV000723,108.25,5,True
INV000724,81.2,6,True
INV000725,67.66666666666667,7,True
INV000726,151.0,2,True
INV000727,13.0,3,False
INV000728,37.75,5,True
INV000729,146.33333333333334,4,True
INV000730,,1,False
INV000731,19.0,2,False
INV000732,82.0,4,True
INV000733,355.0,2,True
INV000734,64.0,8,True
INV000735,143.33333333333334,4,True
INV000736,99.75,5,True
INV000737,92.6,6,True
INV000738,53.666666666666664,4,True
INV000739,68.66666666666667,4,True
INV000740,,1,False
INV000741,89.75,5,True
INV000742,91.33333333333333,4,True
INV000743,158.0,3,True
INV000744,76.33333333333333,4,True
INV000745,144.0,4,True
INV000746,209.0,2,True
INV000747,84.6,6,True
INV000748,175.0,2,True
INV000749,111.25,5,True
INV000750,26.5,9,False
INV000751,53.0,9,True
INV000752,197.0,3,True
INV000753,134.5,3,True
INV000754,72.33333333333333,7,True
INV000755,120.0,3,True
INV000756,78.0,4,True
INV000757,208.5,3,True
INV000758,113.5,5,True
INV000759,83.0,7,True
INV000760,148.0,2,True
INV000761,75.16666666666667,7,True
INV000762,118.0,2,True
INV000763,,1,False
INV000764,100.75,5,True
INV000765,99.33333333333333,4,True
INV000766,177.5,3,True
INV000767,123.5,3,True
INV000768,60.0,8,True
INV000769,85.75,5,True
INV000770,,1,False
INV000771,121.66666666666667,4,True
INV000772,46.0,6,True
INV000774,73.66666666666667,7,True
INV000775,73.33333333333333,4,True
INV000776,59.42857142857143,8,True
INV000777,66.0,6,True
INV000778,59.714285714285715,8,True
INV000779,75.0,6,True
INV000780,,1,False
INV000781,83.0,4,True
INV000782,42.5,5,True
INV000783,89.8,6,True
INV000784,435.0,2,True
INV000785,32.6,6,False
INV000786,64.125,9,True
INV000787,,1,False
INV000788,105.0,4,True
INV000789,55.142857142857146,8,True
INV000790,,1,False
INV000791,107.0,4,True
INV000792,271.0,2,True
INV000793,69.14285714285714,8,True
INV000794,,1,False
INV000795,,1,False
INV000796,146.5,3,True
INV000797,156.0,4,True
INV000798,,1,False
INV000799,121.25,5,True
INV000800,144.66666666666666,4,True
INV000801,107.0,3,True
INV000802,,1,False
INV000803,77.16666666666667,7,True
INV000804,160.5,3,True
INV000806,83.0,4,True
INV000808,208.0,3,True
INV000809,120.66666666666667,4,True
INV000810,85.5,5,True
INV000811,291.0,2,True
INV000813,121.33333333333333,4,True
INV000814,94.0,6,True
INV000815,266.0,2,True
INV000816,149.5,3,True
INV000818,422.0,2,True
INV000819,87.5,3,True
INV000820,207.0,2,True
INV000821,53.0,2,True
INV000822,55.5,7,True
INV000823,39.666666666666664,7,True
INV000824,211.0,3,True
INV000825,127.0,3,True
INV000826,214.0,3,True
INV000827,58.285714285714285,8,True
INV000828,,1,False
INV000829,117.75,5,True
INV000830,72.2,6,True
INV000831,67.5,5,True
INV000832,251.0,2,True
INV000833,67.28571428571429,8,True
INV000834,130.0,3,True
INV000835,,1,False
INV000836,84.8,6,True
INV000837,,1,False
INV000838,176.0,2,True
INV000839,,1,False
INV000840,191.0,3,True
INV000841,176.0,3,True
INV000842,,1,False
INV000843,55.6,6,True
INV000844,66.16666666666667,7,True
INV000845,105.5,3,True
INV000846,181.0,3,True
INV000847,47.8,6,True
INV000848,,1,False
INV000849,61.333333333333336,4,True
INV000850,41.5,3,True
INV000851,83.75,5,True
INV000852,215.0,3,True
INV000853,49.333333333333336,10,True
INV000854,61.25,9,True
INV000855,229.0,3,True
INV000856,78.25,5,True
INV000857,19.0,4,False
INV000858,44.875,9,True
INV000859,264.0,2,True
INV000860,106.75,5,True
INV000861,106.75,5,True
INV000862,91.2,6,True
INV000863,,1,False
INV000864,40.8,6,True
INV000865,45.75,9,True
INV000866,,1,False
INV000867,234.0,2,True
INV000868,,1,False
INV000869,65.4,6,True
INV000870,68.0,5,True
INV000871,,1,False
INV000872,,1,False
INV000873,73.5,7,True
INV000874,62.125,9,True
INV000875,,1,False
INV000876,48.666666666666664,4,True
INV000877,59.4,6,True
INV000878,66.0,2,True
INV000879,85.0,3,True
INV000880,141.33333333333334,4,True
INV000881,46.111111111111114,10,True
INV000882,,1,False
INV000883,257.0,2,True
INV000884,38.0,2,True
INV000885,108.75,5,True
INV000886,,1,False
INV000887,65.66666666666667,7,True
INV000888,80.33333333333333,7,True
INV000889,263.0,2,True
INV000890,24.5,3,False
INV000891,126.66666666666667,4,True
INV000892,182.0,3,True
INV000893,59.5,7,True
INV000894,55.0,6,True
INV000895,204.5,3,True
INV000896,173.0,2,True
INV000897,124.5,3,True
INV000898,5.0,2,False
INV000899,,1,False
INV000900,131.0,2,True
INV000901,54.0,6,True
INV000902,73.0,5,True
INV000904,197.0,3,True
INV000905,,1,False
INV000906,143.5,3,True
INV000907,59.2,6,True
INV000908,37.333333333333336,4,True
INV000909,131.0,4,True
INV000910,88.25,5,True
INV000911,,1,False
INV000912,116.66666666666667,4,True
INV000913,152.66666666666666,4,True
INV000914,107.0,5,True
INV000915,130.33333333333334,4,True
INV000916,,1,False
INV000918,56.0,2,True
INV000919,110.0,3,True
INV000920,75.6,6,True
INV000921,290.0,2,True
INV000922,100.0,4,True
INV000923,,1,False
INV000924,,1,False
INV000925,107.5,3,True
INV000926,80.0,6,True
INV000927,36.75,5,True
INV000928,,1,False
INV000929,58.166666666666664,7,True
INV000930,32.42857142857143,8,False
INV000931,86.25,5,True
INV000933,199.0,3,True
INV000934,59.0,2,True
INV000935,30.875,9,False
INV000936,,1,False
INV000937,,1,False
INV000938,153.0,2,True
INV000939,60.57142857142857,8,True
INV000940,,1,False
INV000941,455.0,2,True
INV000942,53.0,7,True
INV000943,,1,False
INV000944,165.0,3,True
INV000945,,1,False
INV000946,129.0,3,True
INV000947,127.33333333333333,4,True
INV000948,17.0,2,False
INV000949,67.5,7,True
INV000950,91.0,6,True
INV000951,,1,False
INV000953,141.5,3,True
INV000954,126.75,5,True
INV000955,186.5,3,True
INV000956,,1,False
INV000957,114.66666666666667,4,True
INV000958,164.0,3,True
INV000959,48.0,5,True
INV000960,110.5,3,True
INV000961,151.66666666666666,4,True
INV000962,86.0,5,True
INV000963,138.0,3,True
INV000964,59.0,2,True
INV000965,,1,False
INV000966,119.0,2,True
INV000967,47.0,2,True
INV000968,302.0,2,True
INV000969,88.33333333333333,4,True
INV000970,41.0,4,True
INV000971,46.833333333333336,7,True
INV000972,62.0,5,True
INV000974,73.5,7,True
INV000975,,1,False
INV000977,48.77777777777778,10,True
INV000978,93.66666666666667,4,True
INV000979,79.8,6,True
INV000980,44.42857142857143,8,True
INV000981,50.4,6,True
INV000982,42.0,3,True
INV000983,94.33333333333333,4,True
INV000984,89.33333333333333,4,True
INV000985,149.5,3,True
INV000986,60.833333333333336,7,True
INV000987,132.0,2,True
INV000988,,1,False
INV000989,249.0,3,True
INV000990,133.0,4,True
INV000991,,1,False
INV000992,138.66666666666666,4,True
INV000993,,1,False
INV000994,63.8,6,True
INV000995,18.0,4,False
INV000997,85.0,4,True
INV000998,52.666666666666664,4,True
INV000999,66.75,5,True
INV001001,60.285714285714285,8,True
INV001002,41.666666666666664,7,True
INV001003,138.0,2,True
INV001004,93.0,3,True
INV001005,93.6,6,True
INV001006,58.0,5,True
INV001007,,1,False
INV001008,64.66666666666667,7,True
INV001009,120.0,3,True
INV001010,,1,False
INV001011,241.5,3,True
INV001012,40.5,5,True
INV001013,96.8,6,True
INV001014,151.0,4,True
INV001015,85.0,2,True
INV001016,170.0,3,True
INV001017,67.0,6,True
INV001019,44.875,9,True
INV001020,54.0,2,True
INV001021,68.66666666666667,7,True
INV001023,72.42857142857143,8,True
INV001024,179.5,3,True
INV001025,38.8,6,True
INV001026,69.4,6,True
INV001027,77.25,5,True
INV001028,85.33333333333333,4,True
INV001029,69.5,5,True
INV001030,,1,False
INV001031,114.0,5,True
INV001032,,1,False
INV001033,,1,False
INV001034,100.0,3,True
INV001035,,1,False
INV001036,164.0,4,True
INV001037,42.0,10,True
INV001038,113.0,2,True
INV001039,66.2,6,True
INV001040,132.0,2,True
INV001041,83.0,7,True
INV001042,117.5,3,True
INV001043,124.25,5,True
INV001044,117.0,2,True
INV001045,69.75,5,True
INV001046,36.0,2,True
INV001047,66.16666666666667,7,True
INV001048,47.0,8,True
INV001049,136.0,4,True
INV001050,130.33333333333334,4,True
INV001051,54.142857142857146,8,True
INV001052,285.0,2,True
INV001053,55.857142857142854,8,True
INV001054,183.0,2,True
INV001055,93.2,6,True
INV001056,,1,False
INV001057,228.0,2,True
INV001058,61.333333333333336,4,True
INV001059,207.0,3,True
INV001060,53.375,9,True
INV001061,51.125,9,True
INV001062,101.5,3,True
INV001063,43.285714285714285,8,True
INV001064,59.5,9,True
INV001065,116.0,4,True
INV001066,32.0,2,False
INV001067,187.5,3,True
INV001068,102.66666666666667,4,True
INV001069,41.285714285714285,8,True
INV001070,97.0,6,True
INV001071,23.0,2,False
INV001072,128.0,2,True
INV001073,7.0,3,False
INV001074,68.75,5,True
INV001075,76.5,5,True
INV001076,298.0,2,True
INV001077,112.5,3,True
INV001079,111.5,5,True
INV001080,37.0,4,True
INV001081,395.0,2,True
INV001082,113.66666666666667,4,True
INV001083,70.0,4,True
INV001084,,1,False
INV001085,155.0,2,True
INV001086,112.0,2,True
INV001087,95.25,5,True
INV001088,72.33333333333333,4,True
INV001089,,1,False
INV001090,,1,False
INV001091,101.66666666666667,4,True
INV001092,77.33333333333333,7,True
INV001093,52.333333333333336,4,True
INV001094,145.0,2,True
INV001095,244.0,2,True
INV001096,68.25,5,True
INV001099,26.142857142857142,8,False
INV001100,,1,False
INV001101,142.33333333333334,4,True
INV001102,55.333333333333336,7,True
INV001103,111.0,4,True
INV001104,,1,False
INV001105,,1,False
INV001106,237.5,3,True
INV001107,46.0,3,True
INV001108,144.0,3,True
INV001109,87.0,3,True
INV001110,147.0,2,True
INV001111,101.5,3,True
INV001112,50.0,5,True
INV001113,46.666666666666664,4,True
INV001114,406.0,2,True
INV001115,81.4,6,True
INV001116,58.125,9,True
INV001117,61.714285714285715,8,True
INV001118,124.33333333333333,4,True
INV001119,327.0,2,True
INV001120,72.0,2,True
INV001121,134.5,3,True
INV001122,309.0,2,True
INV001123,107.0,5,True
INV001124,89.0,3,True
INV001126,23.0,2,False
INV001127,189.0,2,True
INV001128,72.0,3,True
INV001129,,1,False
INV001130,76.83333333333333,7,True
INV001131,156.66666666666666,4,True
INV001132,,1,False
INV001133,69.33333333333333,4,True
INV001134,,1,False
INV001136,58.0,2,True
INV001137,57.0,7,True
INV001138,134.66666666666666,4,True
INV001139,325.0,2,True
INV001140,60.4,6,True
INV001141,97.6,6,True
INV001142,42.833333333333336,7,True
INV001143,85.0,3,True
INV001144,125.5,3,True
INV001145,23.0,3,False
INV001146,,1,False
INV001148,85.0,3,True
INV001149,146.5,3,True
INV001150,131.5,3,True
INV001151,205.5,3,True
INV001152,77.66666666666667,4,True
INV001153,,1,False
INV001154,165.66666666666666,4,True
INV001155,89.5,3,True
INV001156,102.4,6,True
INV001157,76.25,5,True
INV001158,224.0,3,True
INV001159,,1,False
INV001160,57.57142857142857,8,True
INV001161,80.6,6,True
INV001163,67.33333333333333,7,True
INV001164,202.0,2,True
INV001165,55.5,5,True
INV001166,108.0,5,True
INV001167,96.2,6,True
INV001168,83.25,5,True
INV001169,226.0,3,True
INV001170,68.2,6,True
INV001171,92.0,4,True
INV001172,107.0,2,True
INV001173,67.0,6,True
INV001174,221.0,3,True
INV001175,79.75,5,True
INV001176,81.0,2,True
INV001177,,1,False
INV001178,79.66666666666667,7,True
INV001179,,1,False
INV001180,74.4,6,True
INV001181,67.42857142857143,8,True
INV001182,10.0,2,False
INV001183,62.25,5,True
INV001184,,1,False
INV001185,79.75,5,True
INV001186,78.0,5,True
INV001187,,1,False
INV001188,,1,False
INV001189,60.0,3,True
INV001190,97.0,6,True
INV001191,48.0,2,True
INV001192,77.66666666666667,4,True
INV001193,54.333333333333336,4,True
INV001194,84.5,3,True
INV001195,53.42857142857143,8,True
INV001196,92.2,6,True
INV001197,121.0,3,True
INV001198,114.5,5,True
INV001199,143.0,2,True
INV001200,354.0,2,True
INV001201,,1,False
INV001202,58.0,8,True
INV001203,225.0,2,True
INV001204,158.5,3,True
INV001205,,1,False
INV001206,83.6,6,True
INV001207,65.25,5,True
INV001208,51.833333333333336,7,True
INV001209,45.0,3,True
INV001210,36.875,9,True
INV001211,,1,False
INV001212,79.0,5,True
INV001213,201.0,3,True
INV001214,,1,False
INV001215,160.0,4,True
INV001216,362.0,2,True
INV001217,60.142857142857146,8,True
INV001218,98.0,5,True
INV001219,50.857142857142854,8,True
INV001220,77.16666666666667,7,True
INV001221,113.0,5,True
INV001222,85.75,5,True
INV001223,70.83333333333333,7,True
INV001224,40.0,4,True
INV001225,164.0,3,True
INV001226,,1,False
INV001227,66.33333333333333,4,True
INV001228,95.5,5,True
INV001229,103.0,2,True
INV001230,44.333333333333336,4,True
INV001231,,1,False
INV001232,146.33333333333334,4,True
INV001233,98.0,3,True
INV001234,60.57142857142857,8,True
INV001235,59.0,9,True
INV001236,146.66666666666666,4,True
INV001237,98.0,6,True
INV001238,68.5,7,True
INV001239,,1,False
INV001240,,1,False
INV001241,41.333333333333336,4,True
INV001242,69.8,6,True
INV001243,,1,False
INV001244,42.75,5,True
INV001245,,1,False
INV001246,184.0,2,True
INV001247,61.0,5,True
INV001248,,1,False
INV001249,119.33333333333333,4,True
INV001250,353.0,2,True
INV001251,82.0,6,True
INV001254,124.0,2,True
INV001255,118.0,4,True
INV001256,195.5,3,True
INV001257,108.25,5,True
INV001258,58.0,2,True
INV001259,115.25,5,True
INV001260,89.5,5,True
INV001261,61.0,5,True
INV001262,44.833333333333336,7,True
INV001263,139.0,2,True
INV001264,78.5,5,True
INV001265,79.75,5,True
INV001266,,1,False
INV001267,293.0,2,True
INV001269,97.5,5,True
INV001270,,1,False
INV001271,107.33333333333333,4,True
INV001273,146.66666666666666,4,True
INV001274,73.33333333333333,7,True
INV001275,66.66666666666667,7,True
INV001276,158.0,3,True
INV001277,420.0,2,True
INV001279,160.33333333333334,4,True
INV001280,8.0,2,False
INV001281,148.0,4,True
INV001282,67.0,6,True
INV001284,73.5,5,True
INV001285,,1,False
INV001286,20.0,3,False
INV001287,92.2,6,True
INV001288,45.666666666666664,7,True
INV001289,171.0,3,True
INV001290,294.0,2,True
INV001291,76.2,6,True
INV001292,116.0,2,True
INV001294,,1,False
INV001295,50.75,9,True
INV001296,,1,False
INV001297,247.0,2,True
INV001298,71.83333333333333,7,True
INV001299,51.25,9,True
INV001300,98.0,3,True
INV001301,,1,False
INV001302,,1,False
INV001304,97.6,6,True
INV001305,42.0,2,True
INV001306,92.0,2,True
INV001307,304.0,2,True
INV001308,54.625,9,True
INV001309,,1,False
INV001310,81.2,6,True
INV001311,151.33333333333334,4,True
INV001312,76.0,4,True
INV001313,,1,False
INV001314,50.44444444444444,10,True
INV001315,51.833333333333336,7,True
INV001316,92.4,6,True
INV001317,84.8,6,True
INV001318,46.22222222222222,10,True
INV001319,45.333333333333336,4,True
INV001320,61.5,5,True
INV001321,81.5,5,True
INV001322,145.0,3,True
INV001323,,1,False
INV001324,,1,False
INV001325,165.0,4,True
INV001326,69.42857142857143,8,True
INV001327,,1,False
INV001328,71.0,2,True
INV001329,68.2,6,True
INV001330,107.0,3,True
INV001331,94.2,6,True
INV001332,80.0,7,True
INV001333,78.66666666666667,7,True
INV001334,101.0,5,True
INV001335,,1,False
INV001336,65.85714285714286,8,True
INV001337,81.33333333333333,4,True
INV001338,,1,False
INV001339,,1,False
INV001340,,1,False
INV001341,155.0,3,True
INV001342,106.75,5,True
INV001343,93.33333333333333,4,True
INV001344,,1,False
INV001345,117.0,4,True
INV001346,63.5,5,True
INV001347,265.0,2,True
INV001348,47.833333333333336,7,True
INV001349,,1,False
INV001350,411.0,2,True
INV001351,70.5,7,True
INV001352,23.333333333333332,4,False
INV001353,73.0,5,True
INV001354,131.33333333333334,4,True
INV001355,60.2,6,True
INV001356,79.2,6,True
INV001357,53.333333333333336,4,True
INV001358,,1,False
INV001359,72.5,7,True
INV001360,,1,False
INV001361,50.5,7,True
INV001362,29.5,3,False
INV001363,76.0,5,True
INV001365,50.5,3,True
INV001366,88.25,5,True
INV001367,99.0,6,True
INV001368,,1,False
INV001369,106.0,4,True
INV001370,102.75,5,True
INV001371,,1,False
INV001372,180.5,3,True
INV001373,154.0,2,True
INV001374,33.0,2,False
INV001375,78.5,7,True
INV001376,78.66666666666667,7,True
INV001377,44.666666666666664,4,True
INV001378,,1,False
INV001379,50.0,4,True
INV001380,,1,False
INV001382,151.5,3,True
INV001383,56.142857142857146,8,True
INV001384,115.66666666666667,4,True
INV001385,236.5,3,True
INV001386,201.0,2,True
INV001387,57.25,9,True
INV001388,262.0,2,True
INV001389,,1,False
INV001390,205.0,3,True
INV001391,87.33333333333333,4,True
INV001392,50.333333333333336,4,True
INV001393,208.0,2,True
INV001394,63.57142857142857,8,True
INV001395,130.66666666666666,4,True
INV001396,122.0,2,True
INV001397,117.25,5,True
INV001398,144.0,4,True
INV001399,71.33333333333333,4,True
INV001400,76.8,6,True
INV001401,68.6,6,True
INV001402,141.33333333333334,4,True
INV001403,,1,False
INV001404,201.0,2,True
INV001405,130.33333333333334,4,True
INV001406,47.666666666666664,10,True
INV001407,45.2,6,True
INV001408,46.0,2,True
INV001409,48.5,5,True
INV001410,131.33333333333334,4,True
INV001411,114.0,5,True
INV001412,141.0,2,True
INV001413,80.0,5,True
INV001414,,1,False
INV001415,68.14285714285714,8,True
INV001416,303.0,2,True
INV001417,,1,False
INV001418,88.6,6,True
INV001419,85.8,6,True
INV001420,272.0,2,True
INV001421,108.75,5,True
INV001422,33.0,4,False
INV001423,48.57142857142857,8,True
INV001424,155.0,4,True
INV001425,445.0,2,True
INV001426,,1,False
INV001427,,1,False
INV001428,79.4,6,True
INV001429,,1,False
INV001430,,1,False
INV001431,49.5,3,True
INV001432,71.4,6,True
INV001433,71.5,3,True
INV001434,80.6,6,True
INV001435,36.0,2,True
INV001436,37.0,2,True
INV001437,,1,False
INV001438,,1,False
INV001439,169.0,3,True
INV001440,226.0,2,True
INV001441,60.0,2,True
INV001442,57.125,9,True
INV001443,104.0,3,True
INV001444,54.0,3,True
INV001445,66.33333333333333,4,True
INV001446,139.0,2,True
INV001447,165.5,3,True
INV001448,96.0,2,True
INV001449,65.0,4,True
INV001450,71.0,3,True
INV001451,,1,False
INV001452,40.5,3,True
INV001453,148.0,3,True
INV001454,73.0,7,True
INV001455,64.71428571428571,8,True
INV001456,104.75,5,True
INV001457,43.8,6,True
INV001458,59.833333333333336,7,True
INV001459,,1,False
INV001460,77.0,4,True
INV001461,43.0,2,True
INV001462,80.0,5,True
INV001463,71.0,2,True
INV001464,,1,False
INV001465,145.5,3,True
INV001466,44.6,6,True
INV001467,94.25,5,True
INV001468,6.0,2,False
INV001469,,1,False
INV001470,217.0,3,True
INV001472,79.0,6,True
INV001473,232.5,3,True
INV001474,,1,False
INV001475,98.5,3,True
INV001476,134.66666666666666,4,True
INV001477,,1,False
INV001478,159.33333333333334,4,True
INV001479,204.0,2,True
INV001480,95.66666666666667,4,True
INV001481,74.75,5,True
INV001482,80.6,6,True
INV001483,95.75,5,True
INV001484,18.0,2,False
INV001485,55.0,9,True
INV001486,,1,False
INV001487,91.0,3,True
INV001488,158.0,3,True
INV001489,114.0,4,True
INV001491,98.8,6,True
INV001492,154.5,3,True
INV001494,221.5,3,True
INV001495,16.0,2,False
INV001496,94.5,5,True
INV001497,63.0,9,True
INV001498,,1,False
INV001499,122.5,3,True
INV001500,107.5,3,True
INV001501,139.5,3,True
INV001502,,1,False
INV001503,74.66666666666667,4,True
INV001504,54.25,9,True
INV001505,296.0,2,True
INV001506,119.0,3,True
INV001507,86.2,6,True
INV001508,205.5,3,True
INV001509,,1,False
INV001510,66.83333333333333,7,True
INV001511,,1,False
INV001512,104.5,5,True
INV001513,79.0,3,True
INV001514,51.833333333333336,7,True
INV001515,129.66666666666666,4,True
INV001516,56.8,6,True
INV001518,59.5,5,True
INV001519,77.0,3,True
INV001520,,1,False
INV001521,88.0,5,True
INV001522,205.0,2,True
INV001524,95.25,5,True
INV001525,49.25,5,True
INV001526,50.4,6,True
INV001527,,1,False
INV001528,120.0,5,True
INV001529,,1,False
INV001530,64.66666666666667,7,True
INV001531,120.5,3,True
INV001532,56.833333333333336,7,True
INV001534,112.0,5,True
INV001535,226.0,3,True
INV001536,69.0,7,True
INV001537,85.0,3,True
INV001538,131.0,4,True
INV001539,306.0,2,True
INV001540,138.33333333333334,4,True
INV001542,63.0,5,True
INV001543,252.0,2,True
INV001544,106.5,5,True
INV001545,92.8,6,True
INV001547,72.16666666666667,7,True
INV001548,80.6,6,True
INV001549,50.0,5,True
INV001550,79.0,7,True
INV001551,61.8,6,True
INV001552,,1,False
INV001553,100.0,4,True
INV001554,5.0,2,False
INV001555,199.0,2,True
INV001556,128.0,2,True
INV001557,371.0,2,True
INV001558,76.25,5,True
INV001560,214.0,3,True
INV001561,110.33333333333333,4,True
INV001562,44.22222222222222,10,True
INV001563,,1,False
INV001564,55.714285714285715,8,True
INV001566,153.0,3,True
INV001567,34.75,5,False
INV001568,,1,False
INV001569,83.4,6,True
INV001570,304.0,2,True
INV001571,,1,False
INV001572,,1,False
INV001573,43.25,5,True
INV001574,64.0,5,True
INV001575,111.66666666666667,4,True
INV001576,113.0,5,True
INV001577,,1,False
INV001578,,1,False
INV001579,75.0,7,True
INV001580,45.666666666666664,7,True
INV001581,,1,False
INV001582,,1,False
INV001583,91.0,3,True
INV001584,47.5,3,True
INV001585,56.6,6,True
INV001586,89.33333333333333,4,True
INV001587,65.0,7,True
INV001588,74.5,3,True
INV001589,,1,False
INV001590,253.0,2,True
INV001591,69.0,2,True
INV001592,4.0,2,False
INV001593,,1,False
INV001594,122.0,2,True
INV001595,131.66666666666666,4,True
INV001596,,1,False
INV001597,56.0,7,True
INV001598,98.5,5,True
INV001599,58.2,6,True
INV001600,260.0,2,True
INV001601,,1,False
INV001602,93.8,6,True
INV001603,54.5,7,True
INV001604,72.0,2,True
INV001605,60.57142857142857,8,True
INV001606,67.66666666666667,7,True
INV001607,462.0,2,True
INV001608,69.25,5,True
INV001609,60.666666666666664,4,True
INV001611,70.25,5,True
INV001612,85.5,5,True
INV001613,,1,False
INV001614,27.0,2,False
INV001615,154.0,3,True
INV001616,53.0,9,True
INV001617,,1,False
INV001618,85.0,5,True
INV001619,175.0,3,True
INV001620,77.33333333333333,4,True
INV001621,167.0,3,True
INV001622,196.0,2,True
INV001623,92.0,6,True
INV001624,38.333333333333336,4,True
INV001625,72.0,6,True
INV001626,244.0,2,True
INV001627,118.0,4,True
INV001628,51.714285714285715,8,True
INV001629,67.5,7,True
INV001630,79.5,3,True
INV001631,57.0,6,True
INV001633,,1,False
INV001634,,1,False
INV001635,200.0,2,True
INV001636,48.875,9,True
INV001637,,1,False
INV001638,22.0,3,False
INV001639,70.66666666666667,4,True
INV001640,21.0,5,False
INV001641,88.4,6,True
INV001642,,1,False
INV001643,86.25,5,True
INV001644,65.6,6,True
INV001645,67.6,6,True
INV001646,129.0,3,True
INV001648,72.5,5,True
INV001649,51.666666666666664,10,True
INV001650,123.0,3,True
INV001651,78.66666666666667,7,True
INV001652,99.33333333333333,4,True
INV001653,55.2,6,True
INV001654,56.0,7,True
INV001655,40.666666666666664,4,True
INV001656,59.857142857142854,8,True
INV001658,105.5,5,True
INV001659,41.0,2,True
INV001660,131.33333333333334,4,True
INV001661,195.5,3,True
INV001662,60.2,6,True
INV001663,74.25,5,True
INV001664,,1,False
INV001665,116.5,3,True
INV001666,55.333333333333336,4,True
INV001667,,1,False
INV001668,,1,False
INV001669,14.5,3,False
INV001670,102.33333333333333,4,True
INV001671,124.0,4,True
INV001672,34.0,9,False
INV001673,49.3,11,True
INV001674,85.33333333333333,4,True
INV001676,,1,False
INV001677,380.0,2,True
INV001678,,1,False
INV001679,134.33333333333334,4,True
INV001680,58.875,9,True
INV001681,330.0,2,True
INV001682,,1,False
INV001683,72.5,7,True
INV001684,153.0,3,True
INV001685,44.0,2,True
INV001686,,1,False
INV001687,94.33333333333333,4,True
INV001688,181.0,3,True
INV001689,83.6,6,True
INV001690,81.16666666666667,7,True
INV001691,82.0,6,True
INV001692,34.0,2,False
INV001693,156.0,3,True
INV001694,66.14285714285714,8,True
INV001695,42.75,5,True
INV001696,146.33333333333334,4,True
INV001697,62.5,9,True
INV001698,,1,False
INV001699,83.2,6,True
INV001700,,1,False
INV001701,110.0,5,True
INV001702,,1,False
INV001703,,1,False
INV001705,58.0,4,True
INV001706,94.0,5,True
INV001707,314.0,2,True
INV001708,171.0,3,True
INV001709,51.8,6,True
INV001710,,1,False
INV001711,65.83333333333333,7,True
INV001712,66.6,6,True
INV001713,80.25,5,True
INV001714,133.0,3,True
INV001715,68.28571428571429,8,True
INV001716,75.66666666666667,4,True
INV001718,84.0,6,True
INV001719,103.5,3,True
INV001720,103.5,5,True
INV001721,139.33333333333334,4,True
INV001722,191.5,3,True
INV001723,22.5,3,False
INV001724,69.66666666666667,7,True
INV001725,107.75,5,True
INV001726,,1,False
INV001727,145.0,3,True
INV001728,50.57142857142857,8,True
INV001729,,1,False
INV001730,17.0,2,False
INV001731,310.0,2,True
INV001732,153.66666666666666,4,True
INV001733,,1,False
INV001734,118.66666666666667,4,True
INV001735,118.5,5,True
INV001736,112.33333333333333,4,True
INV001737,56.833333333333336,7,True
INV001738,47.5,9,True
INV001739,52.5,9,True
INV001740,107.25,5,True
INV001741,89.4,6,True
INV001742,51.75,5,True
INV001743,36.0,3,True
INV001744,78.5,7,True
INV001745,170.0,3,True
INV001746,66.75,5,True
INV001747,115.0,5,True
INV001748,101.0,3,True
INV001749,,1,False
INV001750,286.0,2,True
INV001751,45.333333333333336,4,True
INV001752,69.33333333333333,7,True
INV001753,42.8,11,True
INV001754,68.5,3,True
INV001757,55.57142857142857,8,True
INV001758,84.66666666666667,4,True
INV001759,49.55555555555556,10,True
INV001760,163.0,3,True
INV001761,,1,False
INV001762,75.0,4,True
INV001763,131.5,3,True
INV001764,147.5,3,True
INV001765,124.66666666666667,4,True
INV001766,166.0,2,True
INV001768,2.0,2,False
INV001769,98.0,6,True
INV001770,57.0,5,True
INV001771,,1,False
INV001772,95.0,6,True
INV001773,53.75,5,True
INV001774,129.5,3,True
INV001775,29.142857142857142,8,False
INV001776,,1,False
INV001777,57.625,9,True
INV001778,63.57142857142857,8,True
INV001779,,1,False
INV001780,,1,False
INV001781,149.0,3,True
INV001782,55.333333333333336,4,True
INV001783,88.33333333333333,4,True
INV001784,95.0,5,True
INV001785,202.0,3,True
INV001786,,1,False
INV001787,62.0,2,True
INV001788,50.0,3,True
INV001789,110.0,2,True
INV001790,133.66666666666666,4,True
INV001791,137.0,3,True
INV001792,73.0,5,True
INV001793,,1,False
INV001794,70.75,5,True
INV001795,196.5,3,True
INV001796,34.0,3,False
INV001797,79.66666666666667,7,True
INV001798,49.0,5,True
INV001799,88.33333333333333,4,True
INV001800,49.666666666666664,7,True
INV001801,85.75,5,True
INV001802,61.666666666666664,7,True
INV001803,59.0,6,True
INV001804,55.857142857142854,8,True
INV001805,57.333333333333336,4,True
INV001806,60.0,8,True
INV001809,95.6,6,True
INV001810,67.0,5,True
INV001811,54.25,9,True
INV001813,140.0,3,True
INV001814,99.0,5,True
INV001815,44.333333333333336,4,True
INV001816,51.0,4,True
INV001817,,1,False
INV001818,,1,False
INV001819,189.0,2,True
INV001820,135.0,4,True
INV001821,167.0,3,True
INV001822,19.8,6,False
INV001823,58.142857142857146,8,True
INV001824,,1,False
INV001825,88.0,4,True
INV001826,51.2,6,True
INV001827,118.75,5,True
INV001828,44.42857142857143,8,True
INV001829,106.66666666666667,4,True
INV001830,99.0,3,True
INV001831,72.8,6,True
INV001832,78.66666666666667,4,True
INV001833,62.75,5,True
INV001834,110.66666666666667,4,True
INV001835,55.5,5,True
INV001836,67.75,5,True
INV001837,62.833333333333336,7,True
INV001838,,1,False
INV001839,201.0,3,True
INV001840,,1,False
INV001841,56.2,6,True
INV001842,142.0,4,True
INV001843,113.66666666666667,4,True
INV001844,362.0,2,True
INV001845,207.0,3,True
INV001846,99.5,3,True
INV001847,219.0,2,True
INV001848,160.33333333333334,4,True
INV001849,136.66666666666666,4,True
INV001850,227.0,2,True
INV001851,109.66666666666667,4,True
INV001852,112.33333333333333,4,True
INV001853,47.42857142857143,8,True
INV001854,,1,False
INV001855,159.0,2,True
INV001856,125.0,4,True
INV001857,150.33333333333334,4,True
INV001858,55.142857142857146,8,True
INV001859,196.0,3,True
INV001860,494.0,2,True
INV001861,51.25,5,True
INV001862,,1,False
INV001863,3.0,2,False
INV001865,63.5,7,True
INV001866,58.8,6,True
INV001867,143.33333333333334,4,True
INV001868,116.0,4,True
INV001869,,1,False
INV001870,76.0,7,True
INV001871,55.0,7,True
INV001872,152.0,3,True
INV001873,68.5,3,True
INV001874,105.0,4,True
INV001875,49.0,2,True
INV001876,129.5,3,True
INV001877,82.25,5,True
INV001878,3.0,2,False
INV001879,117.0,5,True
INV001880,60.75,5,True
INV001881,58.25,5,True
INV001882,110.5,3,True
INV001883,99.2,6,True
INV001885,71.2,6,True
INV001886,50.75,9,True
INV001887,234.0,3,True
INV001888,70.5,5,True
INV001890,102.6,6,True
INV001891,96.4,6,True
INV001892,174.5,3,True
INV001893,68.25,5,True
INV001895,,1,False
INV001896,77.33333333333333,4,True
INV001897,81.5,3,True
INV001899,113.5,5,True
INV001900,75.0,5,True
INV001901,,1,False
INV001902,,1,False
INV001903,62.5,5,True
INV001904,,1,False
INV001905,100.66666666666667,4,True
INV001906,97.0,3,True
INV001908,,1,False
INV001909,62.142857142857146,8,True
INV001910,,1,False
INV001911,45.0,3,True
INV001912,86.4,6,True
INV001913,67.33333333333333,4,True
INV001914,126.66666666666667,4,True
INV001915,228.0,2,True
INV001916,103.25,5,True
INV001917,88.5,3,True
INV001918,,1,False
INV001919,,1,False
INV001920,39.0,7,True
INV001921,68.57142857142857,8,True
INV001922,89.75,5,True
INV001923,80.66666666666667,7,True
INV001924,59.166666666666664,7,True
INV001925,,1,False
INV001926,116.0,5,True
INV001927,58.8,6,True
INV001928,139.66666666666666,4,True
INV001929,66.2,6,True
INV001930,242.5,3,True
INV001931,,1,False
INV001932,249.0,2,True
INV001933,107.75,5,True
INV001934,21.0,2,False
INV001935,,1,False
INV001936,33.0,2,False
INV001937,60.42857142857143,8,True
INV001938,43.0,9,True
INV001939,,1,False
INV001940,98.25,5,True
INV001942,,1,False
INV001943,74.4,6,True
INV001944,101.75,5,True
INV001945,88.0,4,True
INV001946,120.0,3,True
INV001947,,1,False
INV001948,221.5,3,True
INV001949,,1,False
INV001950,60.166666666666664,7,True
INV001951,58.833333333333336,7,True
INV001952,289.0,2,True
INV001954,86.8,6,True
INV001955,76.0,6,True
INV001956,158.66666666666666,4,True
INV001957,41.0,2,True
INV001959,56.0,4,True
INV001960,185.0,2,True
INV001961,83.4,6,True
INV001962,86.75,5,True
INV001963,27.0,2,False
INV001964,,1,False
INV001965,,1,False
INV001966,191.0,2,True
INV001967,10.75,5,False
INV001968,61.666666666666664,4,True
INV001969,79.2,6,True
INV001970,,1,False
INV001971,54.714285714285715,8,True
INV001972,42.42857142857143,8,True
INV001973,,1,False
INV001974,178.0,2,True
INV001975,,1,False
INV001976,100.0,2,True
INV001977,108.5,5,True
INV001978,83.2,6,True
INV001979,55.4,6,True
INV001980,213.5,3,True
INV001981,,1,False
INV001982,85.8,6,True
INV001983,120.25,5,True
INV001984,,1,False
INV001985,101.0,5,True
INV001986,47.666666666666664,7,True
INV001987,67.0,7,True
INV001988,,1,False
INV001989,89.5,3,True
INV001990,45.285714285714285,8,True
INV001991,,1,False
INV001992,135.33333333333334,4,True
INV001993,56.6,6,True
INV001994,,1,False
INV001995,48.6,6,True
INV001996,,1,False
INV001997,88.6,6,True
INV001998,94.25,5,True
INV001999,62.666666666666664,4,True
INV002000,80.0,5,True
INV002001,84.8,6,True
INV002002,109.0,2,True
INV002003,152.0,2,True
INV002004,,1,False
INV002005,108.5,3,True
INV002006,73.6,6,True
INV002007,124.0,3,True
INV002008,86.0,5,True
INV002009,,1,False
INV002010,74.6,6,True
INV002011,111.33333333333333,4,True
INV002012,86.0,5,True
INV002013,93.0,5,True
INV002014,92.5,3,True
INV002015,402.0,2,True
INV002016,88.0,3,True
INV002017,44.666666666666664,7,True
INV002018,63.6,6,True
INV002019,68.8,6,True
INV002020,,1,False
INV002021,277.0,2,True
INV002022,84.33333333333333,4,True
INV002023,258.0,2,True
INV002024,,1,False
INV002025,55.833333333333336,7,True
INV002026,100.0,5,True
INV002027,197.5,3,True
INV002028,,1,False
INV002029,,1,False
INV002030,126.66666666666667,4,True
INV002031,,1,False
INV002032,26.0,2,False
INV002033,55.0,7,True
INV002034,69.0,8,True
INV002035,195.0,3,True
INV002036,30.25,5,False
INV002037,33.2,6,False
INV002038,84.0,6,True
INV002039,140.0,3,True
INV002040,65.66666666666667,4,True
INV002041,88.0,4,True
INV002042,55.5,5,True
INV002043,48.5,3,True
INV002044,159.0,2,True
INV002045,108.75,5,True
INV002046,,1,False
INV002047,134.66666666666666,4,True
INV002048,,1,False
INV002049,132.33333333333334,4,True
INV002050,183.5,3,True
INV002051,78.6,6,True
INV002052,44.166666666666664,7,True
INV002053,21.0,2,False
INV002054,78.5,5,True
INV002055,120.33333333333333,4,True
INV002056,242.0,3,True
INV002057,,1,False
INV002058,,1,False
INV002059,268.0,2,True
INV002060,79.0,5,True
INV002061,104.0,4,True
INV002063,73.0,2,True
INV002064,,1,False
INV002065,163.33333333333334,4,True
INV002066,129.5,3,True
INV002067,69.0,5,True
INV002068,221.0,2,True
INV002069,47.55555555555556,10,True
INV002070,81.33333333333333,7,True
INV002071,,1,False
INV002072,133.5,3,True
INV002073,160.5,3,True
INV002074,109.0,3,True
INV002075,82.75,5,True
INV002076,,1,False
INV002077,47.25,5,True
INV002078,54.0,2,True
INV002079,92.0,3,True
INV002080,117.75,5,True
INV002081,47.0,2,True
INV002082,34.0,4,False
INV002083,51.666666666666664,10,True
INV002084,,1,False
INV002085,65.0,6,True
INV002087,88.25,5,True
INV002088,104.5,5,True
INV002089,106.5,3,True
INV002090,90.2,6,True
INV002091,,1,False
INV002092,33.5,7,False
INV002093,47.666666666666664,4,True
INV002094,178.0,3,True
INV002095,139.0,4,True
INV002096,159.5,3,True
INV002097,,1,False
INV002098,54.333333333333336,4,True
INV002099,41.0,4,True
INV002101,80.2,6,True
INV002102,44.8,6,True
INV002103,58.0,2,True
INV002104,100.0,5,True
INV002106,118.66666666666667,4,True
INV002107,71.14285714285714,8,True
INV002108,164.5,3,True
INV002109,,1,False
INV002110,79.0,4,True
INV002111,62.42857142857143,8,True
INV002112,88.5,5,True
INV002113,126.0,4,True
INV002114,,1,False
INV002115,153.33333333333334,4,True
INV002116,41.0,4,True
INV002117,59.75,5,True
INV002118,,1,False
INV002119,78.0,6,True
INV002120,109.5,3,True
INV002121,68.5,7,True
INV002122,40.333333333333336,7,True
INV002123,134.0,4,True
INV002124,82.0,5,True
INV002125,45.0,5,True
INV002126,97.25,5,True
INV002127,60.2,6,True
INV002128,140.0,3,True
INV002129,136.5,3,True
INV002130,89.0,4,True
INV002131,106.5,5,True
INV002132,2.0,2,False
INV002133,139.66666666666666,4,True
INV002134,82.66666666666667,7,True
INV002135,94.0,4,True
INV002136,183.0,2,True
INV002137,71.0,5,True
INV002138,91.8,6,True
INV002139,146.66666666666666,4,True
INV002140,162.0,2,True
INV002141,69.33333333333333,4,True
INV002142,45.5,9,True
INV002143,63.57142857142857,8,True
INV002144,182.5,3,True
INV002145,169.0,2,True
INV002146,175.0,2,True
INV002147,,1,False
INV002148,129.33333333333334,4,True
INV002149,42.285714285714285,8,True
INV002150,73.6,6,True
INV002151,60.375,9,True
INV002152,147.66666666666666,4,True
INV002153,67.83333333333333,7,True
INV002154,89.4,6,True
INV002155,78.0,6,True
INV002156,196.0,2,True
INV002157,58.5,7,True
INV002158,85.0,4,True
INV002159,65.0,6,True
INV002160,,1,False
INV002161,176.0,2,True
INV002162,58.375,9,True
INV002163,306.0,2,True
INV002164,91.0,4,True
INV002165,,1,False
INV002166,99.2,6,True
INV002167,136.0,3,True
INV002168,251.5,3,True
INV002169,,1,False
INV002170,159.5,3,True
INV002171,55.833333333333336,7,True
INV002172,141.0,3,True
INV002173,148.0,2,True
INV002174,143.33333333333334,4,True
INV002175,,1,False
INV002176,75.75,5,True
INV002177,73.0,7,True
INV002178,66.42857142857143,8,True
INV002179,54.142857142857146,8,True
INV002180,154.0,3,True
INV002181,,1,False
INV002182,70.5,7,True
INV002183,146.5,3,True
INV002184,118.0,5,True
INV002185,48.4,6,True
INV002186,74.83333333333333,7,True
INV002187,67.83333333333333,7,True
INV002188,30.0,3,False
INV002189,84.75,5,True
INV002190,175.0,2,True
INV002191,125.0,2,True
INV002192,80.0,5,True
INV002193,,1,False
INV002194,,1,False
INV002195,49.25,9,True
INV002196,62.142857142857146,8,True
INV002197,28.5,3,False
INV002198,43.0,9,True
INV002199,50.833333333333336,7,True
INV002200,139.33333333333334,4,True
INV002201,96.5,5,True
INV002202,70.42857142857143,8,True
INV002204,280.0,2,True
INV002205,142.0,4,True
INV002206,49.0,7,True
INV002207,145.66666666666666,4,True
INV002208,71.33333333333333,7,True
INV002209,271.0,2,True
INV002211,63.833333333333336,7,True
INV002212,121.0,3,True
INV002213,62.0,5,True
INV002214,79.75,5,True
INV002215,83.66666666666667,4,True
INV002216,61.714285714285715,8,True
INV002217,117.5,3,True
INV002218,67.8,6,True
INV002219,70.85714285714286,8,True
INV002220,63.0,5,True
INV002222,,1,False
INV002223,390.0,2,True
INV002224,55.5,3,True
INV002225,88.33333333333333,4,True
INV002226,22.0,2,False
INV002227,23.666666666666668,4,False
INV002228,68.6,6,True
INV002229,64.6,6,True
INV002230,57.57142857142857,8,True
INV002232,69.16666666666667,7,True
INV002233,,1,False
INV002234,110.66666666666667,4,True
INV002235,97.0,5,True
INV002236,73.66666666666667,7,True
INV002237,51.666666666666664,7,True
INV002238,118.0,5,True
INV002239,226.5,3,True
INV002240,77.83333333333333,7,True
INV002241,65.66666666666667,7,True
INV002242,127.33333333333333,4,True
INV002243,229.5,3,True
INV002244,101.75,5,True
INV002245,127.33333333333333,4,True
INV002246,,1,False
INV002247,33.0,2,False
INV002248,56.5,5,True
INV002249,70.75,5,True
INV002250,43.75,5,True
INV002251,62.6,6,True
INV002252,68.25,5,True
INV002253,,1,False
INV002255,78.5,3,True
INV002256,75.6,6,True
INV002257,273.0,2,True
INV002258,93.33333333333333,4,True
INV002259,45.333333333333336,7,True
INV002260,77.8,6,True
INV002261,82.0,5,True
INV002262,49.5,3,True
INV002264,94.25,5,True
INV002265,63.166666666666664,7,True
INV002266,276.0,2,True
INV002267,43.25,5,True
INV002268,,1,False
INV002269,380.0,2,True
INV002270,102.33333333333333,4,True
INV002271,78.33333333333333,4,True
INV002272,,1,False
INV002273,137.0,2,True
INV002274,99.5,5,True
INV002275,96.5,5,True
INV002276,104.75,5,True
INV002277,67.33333333333333,7,True
INV002278,474.0,2,True
INV002279,92.0,2,True
INV002280,71.66666666666667,7,True
INV002281,120.75,5,True
INV002282,53.2,6,True
INV002283,92.0,3,True
INV002284,85.0,6,True
INV002285,6.0,2,False
INV002286,52.666666666666664,4,True
INV002287,125.5,3,True
INV002288,97.0,2,True
INV002290,61.6,6,True
INV002291,51.5,3,True
INV002292,91.25,5,True
INV002294,48.714285714285715,8,True
INV002295,64.5,7,True
INV002296,,1,False
INV002297,260.0,2,True
INV002298,23.2,6,False
INV002299,83.0,2,True
INV002300,114.66666666666667,4,True
INV002301,,1,False
INV002302,52.333333333333336,4,True
INV002304,42.55555555555556,10,True
INV002306,116.0,5,True
INV002307,85.5,5,True
INV002308,72.5,5,True
INV002309,0.0,2,False
INV002310,87.0,2,True
INV002311,331.0,2,True
INV002312,127.33333333333333,4,True
INV002314,181.0,2,True
INV002315,71.83333333333333,7,True
INV002316,300.0,2,True
INV002317,,1,False
INV002318,413.0,2,True
INV002319,60.0,7,True
INV002320,,1,False
INV002321,,1,False
INV002322,63.4,6,True
INV002323,84.75,5,True
INV002324,61.666666666666664,4,True
INV002325,112.0,2,True
INV002326,103.25,5,True
INV002327,76.4,6,True
INV002328,137.0,4,True
INV002329,57.0,7,True
INV002330,30.666666666666668,4,False
INV002332,133.33333333333334,4,True
INV002333,63.0,4,True
INV002334,148.0,2,True
INV002335,,1,False
INV002336,,1,False
INV002337,,1,False
INV002338,93.25,5,True
INV002339,51.5,3,True
INV002341,52.333333333333336,4,True
INV002342,74.2,6,True
INV002343,57.75,9,True
INV002344,87.0,4,True
INV002345,81.5,5,True
INV002346,42.0,2,True
INV002347,40.5,9,True
INV002348,94.4,6,True
INV002349,52.2,6,True
INV002350,161.0,4,True
INV002351,77.2,6,True
INV002352,239.0,2,True
INV002353,84.66666666666667,4,True
INV002355,,1,False
INV002357,68.33333333333333,7,True
INV002358,88.66666666666667,4,True
INV002360,56.125,9,True
INV002361,55.4,6,True
INV002363,106.75,5,True
INV002364,61.333333333333336,4,True
INV002365,154.0,4,True
INV002366,318.0,2,True
INV002367,52.5,7,True
INV002368,61.166666666666664,7,True
INV002369,60.0,6,True
INV002370,70.16666666666667,7,True
INV002371,,1,False
INV002372,95.2,6,True
INV002373,70.14285714285714,8,True
INV002374,21.2,6,False
INV002375,55.0,3,True
INV002376,,1,False
INV002377,129.0,3,True
INV002378,112.0,4,True
INV002379,212.5,3,True
INV002380,102.33333333333333,4,True
INV002381,118.66666666666667,4,True
INV002382,55.0,5,True
INV002383,,1,False
INV002384,39.111111111111114,10,True
INV002385,23.0,3,False
INV002386,,1,False
INV002387,128.25,5,True
INV002388,33.2,6,False
INV002389,50.77777777777778,10,True
INV002390,47.0,6,True
INV002391,40.2,6,True
INV002392,83.66666666666667,4,True
INV002393,80.5,5,True
INV002394,61.75,5,True
INV002395,97.0,6,True
INV002396,,1,False
INV002397,103.33333333333333,4,True
INV002399,98.0,4,True
INV002400,55.375,9,True
INV002401,59.142857142857146,8,True
INV002402,47.166666666666664,7,True
INV002403,372.0,2,True
INV002404,91.0,2,True
INV002405,111.5,3,True
INV002406,,1,False
INV002407,47.833333333333336,7,True
INV002408,107.0,2,True
INV002409,55.57142857142857,8,True
INV002410,,1,False
INV002411,196.0,3,True
INV002412,92.0,5,True
INV002413,53.0,8,True
INV002414,45.0,4,True
INV002415,57.42857142857143,8,True
INV002416,70.0,4,True
INV002417,83.33333333333333,7,True
INV002418,91.6,6,True
INV002419,,1,False
INV002420,72.8,6,True
INV002421,,1,False
INV002422,50.333333333333336,10,True
INV002423,89.5,3,True
INV002424,132.5,3,True
INV002425,97.0,2,True
INV002426,83.75,5,True
INV002427,31.0,4,False
INV002428,,1,False
INV002429,78.6,6,True
INV002430,101.66666666666667,4,True
INV002431,261.0,2,True
INV002432,289.0,2,True
INV002433,,1,False
INV002434,88.2,6,True
INV002435,86.5,5,True
INV002436,152.0,4,True
INV002437,49.166666666666664,7,True
INV002438,,1,False
INV002440,130.0,3,True
INV002441,192.0,2,True
INV002442,89.0,2,True
INV002443,,1,False
INV002444,16.0,2,False
INV002445,38.142857142857146,8,True
INV002446,139.66666666666666,4,True
INV002447,,1,False
INV002448,65.0,2,True
INV002449,148.0,2,True
INV002450,158.0,2,True
INV002451,272.0,2,True
INV002452,72.0,4,True
INV002453,63.0,7,True
INV002454,70.5,3,True
INV002455,,1,False
INV002457,300.0,2,True
INV002458,72.4,6,True
INV002459,53.714285714285715,8,True
INV002460,151.0,3,True
INV002461,146.33333333333334,4,True
INV002462,,1,False
INV002463,95.4,6,True
INV002464,35.4,6,True
INV002465,28.0,2,False
INV002466,80.66666666666667,7,True
INV002467,38.857142857142854,8,True
INV002468,71.33333333333333,4,True
INV002469,94.25,5,True
INV002470,,1,False
INV002471,56.4,6,True
INV002472,153.0,3,True
INV002473,175.5,3,True
INV002474,,1,False
INV002475,49.666666666666664,10,True
INV002476,86.0,6,True
INV002477,39.0,3,True
INV002478,,1,False
INV002479,260.0,2,True
INV002481,,1,False
INV002483,40.333333333333336,4,True
INV002484,,1,False
INV002485,70.4,6,True
INV002486,73.25,5,True
INV002487,48.0,2,True
INV002488,116.66666666666667,4,True
INV002489,144.0,2,True
INV002490,70.0,8,True
INV002491,17.0,2,False
INV002493,220.0,3,True
INV002494,,1,False
INV002495,82.2,6,True
INV002496,53.0,6,True
INV002497,67.28571428571429,8,True
INV002498,,1,False
INV002499,251.0,2,True
INV002500,104.5,5,True
INV002502,115.5,5,True
INV002503,52.333333333333336,4,True
INV002504,78.25,5,True
INV002505,449.0,2,True
INV002506,96.25,5,True
INV002507,138.66666666666666,4,True
INV002508,51.625,9,True
INV002509,33.666666666666664,10,False
INV002510,64.33333333333333,7,True
INV002511,,1,False
INV002512,3.0,2,False
INV002513,106.5,3,True
INV002514,11.0,2,False
INV002515,24.0,2,False
INV002516,56.0,3,True
INV002517,,1,False
INV002518,206.0,3,True
INV002519,,1,False
INV002520,102.66666666666667,4,True
INV002521,74.6,6,True
INV002523,95.0,5,True
INV002524,,1,False
INV002525,233.0,2,True
INV002526,61.25,5,True
INV002527,49.666666666666664,7,True
INV002528,76.5,5,True
INV002529,123.33333333333333,4,True
INV002530,71.42857142857143,8,True
INV002531,76.33333333333333,7,True
INV002532,121.5,3,True
INV002533,57.5,5,True
INV002534,354.0,2,True
INV002535,53.5,3,True
INV002536,133.0,2,True
INV002538,250.0,2,True
INV002539,65.0,2,True
INV002540,112.66666666666667,4,True
INV002541,,1,False
INV002542,116.66666666666667,4,True
INV002543,74.66666666666667,7,True
INV002544,,1,False
INV002545,333.0,2,True
INV002546,76.66666666666667,4,True
INV002547,89.0,6,True
INV002548,159.66666666666666,4,True
INV002549,104.0,5,True
INV002550,199.0,2,True
INV002551,104.0,5,True
INV002552,48.22222222222222,10,True
INV002553,162.0,3,True
INV002554,49.666666666666664,7,True
INV002555,72.0,7,True
INV002556,69.0,2,True
INV002557,67.16666666666667,7,True
INV002558,97.6,6,True
INV002559,,1,False
INV002560,95.2,6,True
INV002561,64.5,3,True
INV002562,,1,False
INV002563,65.8,6,True
INV002564,,1,False
INV002565,111.75,5,True
INV002566,143.0,4,True
INV002567,82.0,6,True
INV002568,61.57142857142857,8,True
INV002569,,1,False
INV002570,62.0,7,True
INV002571,149.0,4,True
INV002572,55.714285714285715,8,True
INV002573,,1,False
INV002574,79.4,6,True
INV002575,56.125,9,True
INV002576,94.33333333333333,4,True
INV002577,61.5,3,True
INV002578,443.0,2,True
INV002579,40.8,6,True
INV002580,56.0,4,True
INV002582,77.4,6,True
INV002583,125.0,3,True
INV002584,,1,False
INV002585,65.0,6,True
INV002586,87.2,6,True
INV002587,291.0,2,True
INV002588,134.5,3,True
INV002589,,1,False
INV002590,50.22222222222222,10,True
INV002591,52.2,6,True
INV002592,149.0,2,True
INV002593,90.5,3,True
INV002594,94.0,6,True
INV002595,29.0,3,False
INV002596,325.0,2,True
INV002597,193.0,3,True
INV002598,51.375,9,True
INV002599,109.5,5,True
INV002600,102.0,2,True
INV002601,54.0,2,True
INV002602,66.0,8,True
INV002603,,1,False
INV002604,99.0,5,True
INV002605,405.0,2,True
INV002606,89.6,6,True
INV002607,,1,False
INV002608,126.33333333333333,4,True
INV002610,334.0,2,True
INV002611,,1,False
INV002612,162.0,2,True
INV002613,65.0,8,True
INV002614,108.0,2,True
INV002615,,1,False
INV002616,223.0,2,True
INV002617,275.0,2,True
INV002618,,1,False
INV002619,219.0,2,True
INV002620,345.0,2,True
INV002621,182.5,3,True
INV002622,76.66666666666667,7,True
INV002623,,1,False
INV002624,,1,False
INV002625,105.0,4,True
INV002626,94.66666666666667,4,True
INV002627,85.0,6,True
INV002628,77.0,6,True
INV002629,142.0,4,True
INV002630,43.75,5,True
INV002631,110.0,3,True
INV002632,65.57142857142857,8,True
INV002633,83.25,5,True
INV002634,25.0,2,False
INV002635,126.5,3,True
INV002636,118.0,2,True
INV002637,115.5,3,True
INV002639,45.25,5,True
INV002640,70.0,7,True
INV002641,64.33333333333333,4,True
INV002642,108.25,5,True
INV002643,74.2,6,True
INV002645,45.166666666666664,7,True
INV002646,,1,False
INV002647,89.33333333333333,4,True
INV002648,102.25,5,True
INV002649,174.0,2,True
INV002650,19.0,2,False
INV002651,,1,False
INV002652,97.5,5,True
INV002653,,1,False
INV002654,61.857142857142854,8,True
INV002655,24.0,2,False
INV002656,52.5,5,True
INV002657,228.5,3,True
INV002658,,1,False
INV002659,62.333333333333336,7,True
INV002660,105.33333333333333,4,True
INV002661,60.0,2,True
INV002662,284.0,2,True
INV002664,95.33333333333333,4,True
INV002666,53.166666666666664,7,True
INV002668,97.5,5,True
INV002669,80.0,2,True
INV002670,230.0,2,True
INV002671,77.16666666666667,7,True
INV002672,,1,False
INV002673,65.0,8,True
INV002674,75.8,6,True
INV002675,63.857142857142854,8,True
INV002676,83.5,3,True
INV002677,,1,False
INV002678,,1,False
INV002679,152.66666666666666,4,True
INV002680,83.5,3,True
INV002681,83.66666666666667,7,True
INV002682,75.0,5,True
INV002683,13.5,3,False
INV002684,80.6,6,True
INV002685,241.0,3,True
INV002686,236.0,2,True
INV002687,80.0,5,True
INV002688,37.0,9,True
INV002689,50.0,8,True
INV002690,,1,False
INV002691,,1,False
INV002692,,1,False
INV002693,45.833333333333336,7,True
INV002694,54.0,2,True
INV002695,,1,False
INV002696,109.25,5,True
INV002697,55.333333333333336,7,True
INV002698,49.25,5,True
INV002699,182.0,3,True
INV002700,79.83333333333333,7,True
INV002701,121.0,3,True
INV002702,79.5,5,True
INV002703,202.0,2,True
INV002704,59.142857142857146,8,True
INV002705,22.571428571428573,8,False
INV002706,73.6,6,True
INV002707,93.0,4,True
INV002708,44.25,5,True
INV002709,206.0,2,True
INV002710,3.0,2,False
INV002711,65.57142857142857,8,True
INV002712,46.8,11,True
INV002713,162.0,2,True
INV002714,177.0,2,True
INV002715,,1,False
INV002716,124.75,5,True
INV002717,362.0,2,True
INV002718,57.5,5,True
INV002719,170.0,2,True
INV002720,160.5,3,True
INV002721,,1,False
INV002722,61.4,6,True
INV002723,37.75,9,True
INV002724,76.6,6,True
INV002725,207.0,3,True
INV002726,45.57142857142857,8,True
INV002727,69.66666666666667,4,True
INV002728,,1,False
INV002729,,1,False
INV002732,70.71428571428571,8,True
INV002733,51.57142857142857,8,True
INV002734,134.66666666666666,4,True
INV002735,68.16666666666667,7,True
INV002736,70.6,6,True
INV002737,58.42857142857143,8,True
INV002738,31.0,2,False
INV002739,132.0,2,True
INV002740,474.0,2,True
INV002741,123.0,4,True
INV002742,,1,False
INV002743,88.2,6,True
INV002744,52.888888888888886,10,True
INV002745,97.66666666666667,4,True
INV002746,68.0,8,True
INV002747,41.0,3,True
INV002748,127.66666666666667,4,True
INV002749,,1,False
INV002750,72.4,6,True
INV002751,41.5,7,True
INV002752,100.5,3,True
INV002753,80.75,5,True
INV002754,116.5,5,True
INV002755,,1,False
INV002756,460.0,2,True
INV002757,99.33333333333333,4,True
INV002758,81.0,6,True
INV002759,111.0,3,True
INV002760,,1,False
INV002761,80.6,6,True
INV002762,87.25,5,True
INV002763,409.0,2,True
INV002764,95.66666666666667,4,True
INV002765,155.33333333333334,4,True
INV002766,70.6,6,True
INV002767,55.333333333333336,7,True
INV002768,,1,False
INV002769,82.0,7,True
INV002770,202.0,3,True
INV002771,221.5,3,True
INV002772,74.5,7,True
INV002773,405.0,2,True
INV002774,114.0,5,True
INV002775,43.0,3,True
INV002776,160.5,3,True
INV002777,,1,False
INV002778,350.0,2,True
INV002779,64.2,6,True
INV002780,104.0,4,True
INV002781,21.0,2,False
INV002782,105.0,2,True
INV002783,64.0,7,True
INV002784,63.5,5,True
INV002785,29.5,3,False
INV002786,76.33333333333333,7,True
INV002787,99.25,5,True
INV002788,88.25,5,True
INV002789,35.0,2,False
INV002790,284.0,2,True
INV002791,165.5,3,True
INV002792,202.0,2,True
INV002793,59.333333333333336,7,True
INV002794,56.166666666666664,7,True
INV002795,,1,False
INV002796,137.0,4,True
INV002797,,1,False
INV002798,224.0,3,True
INV002799,70.8,6,True
INV002800,63.5,7,True
INV002801,78.0,4,True
INV002802,63.0,2,True
INV002803,64.83333333333333,7,True
INV002804,59.857142857142854,8,True
INV002805,332.0,2,True
INV002806,234.5,3,True
INV002807,100.5,3,True
INV002808,59.666666666666664,7,True
INV002809,81.4,6,True
INV002810,32.285714285714285,8,False
INV002811,115.0,3,True
INV002813,49.0,7,True
INV002814,198.0,2,True
INV002815,,1,False
INV002816,129.0,2,True
INV002817,159.0,2,True
INV002818,366.0,2,True
INV002819,35.0,4,False
INV002820,,1,False
INV002822,53.0,7,True
INV002823,333.0,2,True
INV002824,71.83333333333333,7,True
INV002825,207.5,3,True
INV002826,61.6,6,True
INV002827,73.6,6,True
INV002828,80.0,6,True
INV002829,80.0,3,True
INV002830,110.25,5,True
INV002831,40.2,6,True
INV002832,65.33333333333333,4,True
INV002833,297.0,2,True
INV002834,187.5,3,True
INV002835,82.33333333333333,7,True
INV002836,,1,False
INV002837,,1,False
INV002838,56.714285714285715,8,True
INV002839,114.0,2,True
INV002840,63.666666666666664,4,True
INV002841,43.4,6,True
INV002842,,1,False
INV002843,43.142857142857146,8,True
INV002845,,1,False
INV002846,129.0,3,True
INV002847,52.666666666666664,10,True
INV002848,,1,False
INV002849,54.0,4,True
INV002850,53.166666666666664,7,True
INV002851,245.0,3,True
INV002852,75.8,6,True
INV002853,,1,False
INV002854,190.0,3,True
INV002855,120.0,3,True
INV002856,129.66666666666666,4,True
INV002857,,1,False
INV002858,161.0,2,True
INV002859,76.5,7,True
INV002860,196.5,3,True
INV002861,121.25,5,True
INV002862,152.66666666666666,4,True
INV002863,74.4,6,True
INV002864,79.0,5,True
INV002865,37.2,6,True
INV002866,148.0,2,True
INV002867,125.0,2,True
INV002868,101.66666666666667,4,True
INV002869,58.75,5,True
INV002870,48.2,6,True
INV002871,,1,False
INV002872,85.6,6,True
INV002873,98.2,6,True
INV002874,120.5,5,True
INV002875,58.0,3,True
INV002876,348.0,2,True
INV002877,86.33333333333333,4,True
INV002878,,1,False
INV002879,72.16666666666667,7,True
INV002881,43.6,6,True
INV002882,191.0,2,True
INV002883,96.0,6,True
INV002884,,1,False
INV002885,,1,False
INV002886,44.333333333333336,7,True
INV002888,53.333333333333336,4,True
INV002890,101.25,5,True
INV002891,72.71428571428571,8,True
INV002892,209.0,2,True
INV002893,50.0,9,True
INV002894,11.0,2,False
INV002895,95.75,5,True
INV002896,70.66666666666667,4,True
INV002897,85.25,5,True
INV002898,58.0,3,True
INV002899,224.0,3,True
INV002900,64.2,6,True
INV002901,94.0,3,True
INV002902,35.0,2,False
INV002903,89.6,6,True
INV002904,49.333333333333336,7,True
INV002905,73.0,6,True
INV002906,41.2,6,True
INV002907,,1,False
INV002908,80.0,3,True
INV002909,82.33333333333333,7,True
INV002910,367.0,2,True
INV002911,120.5,3,True
INV002912,97.0,6,True
INV002913,73.66666666666667,7,True
INV002914,4.0,2,False
INV002915,49.285714285714285,8,True
INV002917,132.33333333333334,4,True
INV002919,,1,False
INV002920,99.0,2,True
INV002921,53.333333333333336,7,True
INV002922,,1,False
INV002923,220.0,2,True
INV002924,32.0,5,False
INV002925,226.0,2,True
INV002926,147.66666666666666,4,True
INV002927,40.285714285714285,8,True
INV002928,7.0,2,False
INV002929,445.0,2,True
INV002930,95.33333333333333,4,True
INV002931,106.75,5,True
INV002932,87.66666666666667,4,True
INV002933,43.0,5,True
INV002934,104.0,4,True
INV002935,48.0,7,True
INV002936,,1,False
INV002937,67.16666666666667,7,True
INV002939,60.5,7,True
INV002940,223.5,3,True
INV002941,64.0,5,True
INV002942,55.5,9,True
INV002943,70.0,5,True
INV002944,131.0,3,True
INV002945,65.0,8,True
INV002946,121.5,3,True
INV002947,64.16666666666667,7,True
INV002948,365.0,2,True
INV002949,103.66666666666667,4,True
INV002950,45.857142857142854,8,True
INV002951,51.833333333333336,7,True
INV002952,137.0,2,True
INV002953,73.66666666666667,4,True
INV002954,83.33333333333333,4,True
INV002955,,1,False
INV002956,148.66666666666666,4,True
INV002957,114.75,5,True
INV002958,,1,False
INV002959,104.0,2,True
INV002960,,1,False
INV002961,84.66666666666667,7,True
INV002962,,1,False
INV002963,27.0,2,False
INV002964,78.75,5,True
INV002966,95.25,5,True
INV002967,222.0,3,True
INV002968,80.75,5,True
INV002969,34.5,3,False
INV002970,,1,False
INV002971,198.0,2,True
INV002972,,1,False
INV002973,68.33333333333333,4,True
INV002974,51.333333333333336,7,True
INV002975,52.0,3,True
INV002976,,1,False
INV002977,141.33333333333334,4,True
INV002978,195.0,3,True
INV002979,129.0,4,True
INV002980,85.25,5,True
INV002982,86.0,4,True
INV002983,,1,False
INV002984,91.0,6,True
INV002985,62.0,3,True
INV002986,485.0,2,True
INV002988,,1,False
INV002989,86.6,6,True
INV002990,,1,False
INV002991,328.0,2,True
INV002992,82.0,3,True
INV002993,145.33333333333334,4,True
INV002994,58.166666666666664,7,True
INV002995,,1,False
INV002996,75.0,5,True
INV002997,96.0,5,True
INV002998,6.0,2,False
INV002999,,1,False
INV003000,67.0,7,True
INV003001,,1,False
INV003002,95.5,5,True
INV003003,58.25,9,True
INV003004,117.0,5,True
INV003005,53.142857142857146,8,True
INV003006,,1,False
INV003007,48.25,9,True
INV003008,174.0,3,True
INV003009,38.125,9,True
INV003010,115.5,5,True
INV003011,64.16666666666667,7,True
INV003012,58.25,5,True
INV003013,,1,False
INV003014,82.4,6,True
INV003015,54.666666666666664,7,True
INV003016,71.0,3,True
INV003017,109.75,5,True
INV003018,49.2,6,True
INV003019,,1,False
INV003020,208.0,2,True
INV003021,120.5,5,True
INV003022,69.6,6,True
INV003023,116.33333333333333,4,True
INV003024,44.2,6,True
INV003025,35.285714285714285,8,True
INV003026,,1,False
INV003027,70.0,4,True
INV003028,91.4,6,True
INV003029,,1,False
INV003031,51.0,3,True
INV003032,260.0,2,True
INV003033,99.75,5,True
INV003034,73.4,6,True
INV003035,,1,False
INV003036,57.714285714285715,8,True
INV003037,79.5,7,True
INV003038,83.0,2,True
INV003039,,1,False
INV003040,74.0,6,True
INV003041,118.25,5,True
INV003042,191.0,2,True
INV003043,73.83333333333333,7,True
INV003044,71.16666666666667,7,True
INV003045,36.2,6,True
INV003046,39.0,2,True
INV003047,70.14285714285714,8,True
INV003048,36.75,5,True
INV003049,126.33333333333333,4,True
INV003051,72.5,3,True
INV003052,158.0,2,True
INV003053,216.0,2,True
INV003054,78.66666666666667,7,True
INV003055,112.5,5,True
INV003057,72.75,5,True
INV003058,85.75,5,True
INV003059,174.0,3,True
INV003060,79.0,7,True
INV003061,74.0,5,True
INV003062,,1,False
INV003063,57.833333333333336,7,True
INV003064,134.0,2,True
INV003065,79.5,5,True
INV003066,123.0,2,True
INV003067,149.0,2,True
INV003068,185.0,3,True
INV003069,80.75,5,True
INV003070,54.5,9,True
INV003071,,1,False
INV003072,,1,False
INV003073,75.25,5,True
INV003074,74.8,6,True
INV003075,57.42857142857143,8,True
INV003076,,1,False
INV003077,111.25,5,True
INV003078,69.16666666666667,7,True
INV003079,113.66666666666667,4,True
INV003080,67.0,3,True
INV003081,150.0,2,True
INV003082,46.42857142857143,8,True
INV003083,66.4,6,True
INV003084,170.0,3,True
INV003086,100.0,4,True
INV003087,106.0,2,True
INV003088,,1,False
INV003089,65.0,6,True
INV003090,57.333333333333336,4,True
INV003091,50.875,9,True
INV003092,187.0,2,True
INV003093,,1,False
INV003094,,1,False
INV003095,86.6,6,True
INV003096,,1,False
INV003097,62.714285714285715,8,True
INV003098,211.5,3,True
INV003099,192.0,3,True
INV003100,31.75,5,False
INV003101,127.0,3,True
INV003102,83.5,5,True
INV003103,91.25,5,True
INV003104,,1,False
INV003105,65.5,7,True
INV003107,,1,False
INV003108,228.5,3,True
INV003109,100.0,2,True
INV003110,81.5,5,True
INV003111,95.25,5,True
INV003112,91.6,6,True
INV003113,66.85714285714286,8,True
INV003115,48.0,6,True
INV003116,79.33333333333333,4,True
INV003117,66.57142857142857,8,True
INV003118,,1,False
INV003119,72.33333333333333,4,True
INV003120,210.0,2,True
INV003121,43.666666666666664,4,True
INV003122,,1,False
INV003123,97.25,5,True
INV003124,63.75,5,True
INV003125,90.0,4,True
INV003127,,1,False
INV003128,52.5,3,True
INV003129,51.0,2,True
INV003130,106.0,3,True
INV003131,,1,False
INV003132,158.66666666666666,4,True
INV003133,,1,False
INV003134,76.83333333333333,7,True
INV003136,117.0,2,True
INV003137,232.0,2,True
INV003138,,1,False
INV003139,55.166666666666664,7,True
INV003140,57.0,8,True
INV003141,67.5,7,True
INV003142,125.5,3,True
INV003143,,1,False
INV003144,82.5,7,True
INV003145,32.0,2,False
INV003146,59.5,9,True
INV003147,204.5,3,True
INV003149,77.0,2,True
INV003150,126.0,4,True
INV003151,81.0,6,True
INV003153,40.666666666666664,7,True
INV003154,238.0,2,True
INV003155,,1,False
INV003156,,1,False
INV003157,117.5,3,True
INV003158,55.625,9,True
INV003159,156.0,3,True
INV003160,146.0,4,True
INV003161,77.4,6,True
INV003162,,1,False
INV003163,,1,False
INV003164,160.0,3,True
INV003165,119.25,5,True
INV003166,131.66666666666666,4,True
INV003167,83.5,5,True
INV003168,118.5,5,True
INV003169,62.6,6,True
INV003171,37.333333333333336,4,True
INV003172,,1,False
INV003173,116.0,5,True
INV003174,21.0,2,False
INV003175,,1,False
INV003176,93.5,5,True
INV003177,,1,False
INV003178,56.4,6,True
INV003179,56.25,9,True
INV003180,,1,False
INV003181,242.0,2,True
INV003182,151.0,3,True
INV003183,124.5,3,True
INV003184,94.33333333333333,4,True
INV003185,65.2,6,True
INV003186,,1,False
INV003187,58.25,9,True
INV003188,128.0,4,True
INV003189,55.125,9,True
INV003190,92.0,4,True
INV003191,76.8,6,True
INV003192,74.5,5,True
INV003193,96.6,6,True
INV003194,132.66666666666666,4,True
INV003195,68.0,2,True
INV003196,80.33333333333333,7,True
INV003197,8.0,2,False
INV003198,166.5,3,True
INV003199,,1,False
INV003200,74.25,5,True
INV003201,96.75,5,True
INV003202,92.25,5,True
INV003203,22.75,5,False
INV003204,55.0,2,True
INV003205,67.66666666666667,7,True
INV003206,117.0,5,True
INV003207,68.0,3,True
INV003208,121.25,5,True
INV003209,97.5,5,True
INV003210,72.2,6,True
INV003211,69.0,7,True
INV003212,139.5,3,True
INV003213,171.5,3,True
INV003214,59.8,6,True
INV003215,60.833333333333336,7,True
INV003216,352.0,2,True
INV003217,,1,False
INV003218,105.5,5,True
INV003219,57.2,6,True
INV003220,62.75,5,True
INV003221,61.166666666666664,7,True
INV003222,81.5,7,True
INV003223,67.71428571428571,8,True
INV003224,102.33333333333333,4,True
INV003225,118.0,5,True
INV003226,103.33333333333333,4,True
INV003227,123.5,5,True
INV003228,70.16666666666667,7,True
INV003229,,1,False
INV003230,67.5,7,True
INV003231,83.0,7,True
INV003232,97.25,5,True
INV003233,169.0,2,True
INV003234,96.6,6,True
INV003235,292.0,2,True
INV003236,51.125,9,True
INV003237,117.0,4,True
INV003238,127.0,3,True
INV003239,97.5,5,True
INV003240,101.75,5,True
INV003241,23.0,2,False
INV003242,61.0,7,True
INV003243,70.75,5,True
INV003244,80.75,5,True
INV003245,116.66666666666667,4,True
INV003246,205.0,2,True
INV003247,84.6,6,True
INV003248,117.75,5,True
INV003249,233.5,3,True
INV003250,112.25,5,True
INV003251,,1,False
INV003252,67.6,6,True
INV003253,100.0,4,True
INV003254,46.25,5,True
INV003255,,1,False
INV003256,51.0,7,True
INV003257,61.8,6,True
INV003258,85.5,5,True
INV003259,166.0,2,True
INV003260,89.4,6,True
INV003261,176.5,3,True
INV003262,85.2,6,True
INV003263,121.75,5,True
INV003264,66.25,5,True
INV003265,153.5,3,True
INV003267,74.4,6,True
INV003269,93.0,4,True
INV003270,26.5,3,False
INV003271,61.166666666666664,7,True
INV003272,153.0,3,True
INV003273,60.142857142857146,8,True
INV003274,,1,False
INV003275,429.0,2,True
INV003276,121.0,3,True
INV003277,53.714285714285715,8,True
INV003278,,1,False
INV003279,63.375,9,True
INV003280,77.66666666666667,4,True
INV003281,,1,False
INV003282,175.0,2,True
INV003283,208.0,2,True
INV003284,,1,False
INV003285,121.0,2,True
INV003286,,1,False
INV003287,93.75,5,True
INV003288,203.0,3,True
INV003289,64.83333333333333,7,True
INV003290,,1,False
INV003291,93.5,5,True
INV003292,38.0,2,True
INV003293,,1,False
INV003294,69.0,3,True
INV003295,119.0,4,True
INV003296,152.0,2,True
INV003297,81.5,5,True
INV003298,74.75,5,True
INV003299,,1,False
INV003300,64.8,6,True
INV003301,59.375,9,True
INV003302,88.33333333333333,4,True
INV003303,251.0,2,True
INV003304,44.22222222222222,10,True
INV003305,51.333333333333336,4,True
INV003306,154.33333333333334,4,True
INV003307,320.0,2,True
INV003308,56.75,9,True
INV003309,111.66666666666667,4,True
INV003310,80.8,6,True
INV003311,48.0,9,True
INV003312,482.0,2,True
INV003313,25.666666666666668,4,False
INV003314,73.5,7,True
INV003315,358.0,2,True
INV003316,73.0,2,True
INV003317,44.142857142857146,8,True
INV003318,,1,False
INV003319,152.5,3,True
INV003320,45.285714285714285,8,True
INV003321,59.5,5,True
INV003322,337.0,2,True
INV003324,469.0,2,True
INV003325,101.0,6,True
INV003326,335.0,2,True
INV003328,204.0,3,True
INV003329,89.0,6,True
INV003330,229.0,2,True
INV003331,190.5,3,True
INV003332,87.25,5,True
INV003333,,1,False
INV003334,26.0,2,False
INV003335,153.5,3,True
INV003336,72.33333333333333,7,True
INV003337,117.0,2,True
INV003338,37.5,9,True
INV003339,,1,False
INV003340,124.0,4,True
INV003341,46.0,5,True
INV003342,49.75,5,True
INV003343,121.66666666666667,4,True
INV003344,86.6,6,True
INV003345,113.66666666666667,4,True
INV003346,44.666666666666664,4,True
INV003347,94.66666666666667,4,True
INV003348,323.0,2,True
INV003349,286.0,2,True
INV003350,92.4,6,True
INV003351,54.0,6,True
INV003352,68.14285714285714,8,True
INV003353,14.0,2,False
INV003354,108.75,5,True
INV003355,132.0,4,True
INV003356,104.0,2,True
INV003357,62.4,6,True
INV003358,,1,False
INV003359,83.0,2,True
INV003360,59.42857142857143,8,True
INV003361,345.0,2,True
INV003362,34.0,2,False
INV003363,92.75,5,True
INV003364,,1,False
INV003365,,1,False
INV003366,79.75,5,True
INV003368,,1,False
INV003369,,1,False
INV003370,63.333333333333336,7,True
INV003371,,1,False
INV003372,59.4,6,True
INV003373,263.0,2,True
INV003374,56.5,7,True
INV003375,52.714285714285715,8,True
INV003376,85.8,6,True
INV003377,203.0,2,True
INV003379,75.16666666666667,7,True
INV003380,72.4,6,True
INV003381,119.0,4,True
INV003382,34.2,6,False
INV003383,204.0,3,True
INV003384,,1,False
INV003385,,1,False
INV003386,,1,False
INV003387,88.0,4,True
INV003388,130.66666666666666,4,True
INV003389,69.0,2,True
INV003390,382.0,2,True
INV003391,56.6,6,True
INV003392,126.0,2,True
INV003393,63.714285714285715,8,True
INV003394,210.5,3,True
INV003395,79.0,6,True
INV003396,123.5,5,True
INV003397,113.0,2,True
INV003398,55.42857142857143,8,True
INV003399,142.5,3,True
INV003400,44.0,2,True
INV003401,41.0,3,True
INV003402,30.333333333333332,4,False
INV003403,56.6,6,True
INV003404,50.285714285714285,8,True
INV003405,41.0,8,True
INV003406,59.0,8,True
INV003407,57.42857142857143,8,True
INV003408,69.0,4,True
INV003409,64.5,5,True
INV003410,112.75,5,True
INV003411,106.5,5,True
INV003412,24.0,2,False
INV003413,,1,False
INV003414,405.0,2,True
INV003415,81.0,5,True
INV003416,,1,False
INV003417,35.0,2,False
INV003418,128.5,3,True
INV003419,62.5,5,True
INV003420,100.0,5,True
INV003421,23.5,3,False
INV003422,84.66666666666667,7,True
INV003423,139.66666666666666,4,True
INV003424,73.16666666666667,7,True
INV003425,96.66666666666667,4,True
INV003426,67.66666666666667,4,True
INV003427,84.2,6,True
INV003428,96.0,4,True
INV003429,102.25,5,True
INV003430,73.4,6,True
INV003431,51.4,6,True
INV003432,61.333333333333336,7,True
INV003433,76.0,2,True
INV003434,,1,False
INV003435,73.83333333333333,7,True
INV003436,96.0,5,True
INV003437,91.2,6,True
INV003438,147.33333333333334,4,True
INV003439,21.5,3,False
INV003440,,1,False
INV003441,133.0,2,True
INV003442,96.0,2,True
INV003443,111.5,3,True
INV003444,122.0,4,True
INV003445,372.0,2,True
INV003446,185.0,2,True
INV003447,,1,False
INV003448,74.5,7,True
INV003449,102.0,2,True
INV003450,47.666666666666664,10,True
INV003451,107.25,5,True
INV003452,32.0,5,False
INV003453,310.0,2,True
INV003454,58.0,3,True
INV003455,35.5,7,True
INV003456,184.0,2,True
INV003457,60.5,7,True
INV003458,67.85714285714286,8,True
INV003459,59.4,6,True
INV003460,76.0,4,True
INV003461,83.0,2,True
INV003462,108.25,5,True
INV003463,109.5,3,True
INV003464,160.0,3,True
INV003467,112.0,3,True
INV003468,234.0,3,True
INV003469,122.0,3,True
INV003470,175.0,3,True
INV003471,15.0,3,False
INV003472,,1,False
INV003473,95.8,6,True
INV003474,,1,False
INV003475,56.0,9,True
INV003476,,1,False
INV003477,131.66666666666666,4,True
INV003478,56.625,9,True
INV003479,65.71428571428571,8,True
INV003480,82.4,6,True
INV003481,,1,False
INV003482,,1,False
INV003483,172.0,2,True
INV003484,73.8,6,True
INV003485,89.33333333333333,4,True
INV003487,70.6,6,True
INV003488,464.0,2,True
INV003489,,1,False
INV003490,191.0,2,True
INV003491,59.125,9,True
INV003492,90.8,6,True
INV003493,107.0,2,True
INV003494,111.66666666666667,4,True
INV003495,49.22222222222222,10,True
INV003496,121.0,4,True
INV003498,,1,False
INV003499,286.0,2,True
INV003500,235.0,3,True
INV003501,102.0,3,True
INV003502,,1,False
INV003503,122.5,3,True
INV003504,,1,False
INV003505,99.0,2,True
INV003506,67.0,7,True
INV003507,83.0,4,True
INV003508,,1,False
INV003509,60.875,9,True
INV003510,69.0,3,True
INV003511,65.57142857142857,8,True
INV003513,68.75,5,True
INV003514,74.2,6,True
INV003515,32.666666666666664,4,False
INV003516,324.0,2,True
INV003517,164.0,2,True
INV003518,67.8,6,True
INV003519,88.5,3,True
INV003520,135.0,4,True
INV003521,89.0,6,True
INV003522,,1,False
INV003523,66.0,2,True
INV003524,64.16666666666667,7,True
INV003525,98.5,5,True
INV003526,88.2,6,True
INV003527,113.66666666666667,4,True
INV003528,58.625,9,True
INV003529,32.666666666666664,4,False
INV003530,51.0,6,True
INV003531,76.4,6,True
INV003532,117.75,5,True
INV003533,98.5,5,True
INV003534,52.714285714285715,8,True
INV003535,106.5,3,True
INV003536,92.5,3,True
INV003537,91.0,5,True
INV003538,,1,False
INV003539,114.5,3,True
INV003540,56.0,2,True
INV003541,73.0,4,True
INV003542,,1,False
INV003543,101.5,5,True
INV003544,270.0,2,True
INV003545,90.0,6,True
INV003546,114.0,4,True
INV003547,,1,False
INV003548,37.5,3,True
INV003549,295.0,2,True
INV003550,,1,False
INV003552,147.5,3,True
INV003553,86.5,5,True
INV003554,88.0,5,True
INV003555,45.0,3,True
INV003556,77.6,6,True
INV003557,66.4,6,True
INV003558,39.166666666666664,7,True
INV003559,48.333333333333336,10,True
INV003560,178.5,3,True
INV003561,132.0,4,True
INV003562,80.5,7,True
INV003563,88.33333333333333,4,True
INV003564,71.0,8,True
INV003565,109.75,5,True
INV003566,276.0,2,True
INV003567,100.33333333333333,4,True
INV003568,72.25,5,True
INV003569,81.0,5,True
INV003570,187.0,3,True
INV003571,86.5,3,True
INV003572,181.5,3,True
INV003573,26.5,5,False
INV003574,190.0,3,True
INV003575,126.33333333333333,4,True
INV003576,70.0,2,True
INV003577,84.25,5,True
INV003578,112.5,3,True
INV003579,42.333333333333336,4,True
INV003580,72.16666666666667,7,True
INV003581,51.285714285714285,8,True
INV003582,49.333333333333336,7,True
INV003583,104.5,5,True
INV003584,,1,False
INV003585,,1,False
INV003586,54.285714285714285,8,True
INV003587,88.66666666666667,4,True
INV003588,15.0,3,False
INV003589,171.0,3,True
INV003590,116.0,4,True
INV003591,,1,False
INV003592,75.6,6,True
INV003593,78.2,6,True
INV003594,113.66666666666667,4,True
INV003595,235.0,2,True
INV003597,158.5,3,True
INV003598,68.0,8,True
INV003599,50.0,6,True
INV003600,106.25,5,True
INV003601,45.25,9,True
INV003602,243.5,3,True
INV003603,167.0,3,True
INV003604,90.2,6,True
INV003605,224.0,2,True
INV003607,70.4,6,True
INV003608,119.0,3,True
INV003609,150.33333333333334,4,True
INV003610,,1,False
INV003611,68.83333333333333,7,True
INV003612,76.33333333333333,4,True
INV003613,67.42857142857143,8,True
INV003614,116.5,5,True
INV003615,92.0,2,True
INV003616,76.75,5,True
INV003617,60.333333333333336,4,True
INV003618,,1,False
INV003619,72.0,6,True
INV003620,115.75,5,True
INV003621,,1,False
INV003622,,1,False
INV003624,152.0,2,True
INV003625,62.4,6,True
INV003626,80.0,5,True
INV003627,59.166666666666664,7,True
INV003628,43.0,2,True
INV003629,,1,False
INV003630,52.0,7,True
INV003631,,1,False
INV003632,113.0,2,True
INV003633,78.8,6,True
INV003634,47.8,6,True
INV003635,47.111111111111114,10,True
INV003636,237.5,3,True
INV003637,93.0,5,True
INV003638,65.25,5,True
INV003639,83.75,5,True
INV003640,92.5,3,True
INV003641,67.0,8,True
INV003642,53.166666666666664,7,True
INV003643,110.75,5,True
INV003644,86.0,3,True
INV003645,95.2,6,True
INV003646,,1,False
INV003647,32.666666666666664,4,False
INV003648,153.0,3,True
INV003649,96.8,6,True
INV003650,33.9,11,False
INV003651,67.0,4,True
INV003652,50.0,3,True
INV003653,159.0,2,True
INV003654,60.5,7,True
INV003655,49.77777777777778,10,True
INV003656,88.66666666666667,4,True
INV003657,,1,False
INV003658,70.71428571428571,8,True
INV003659,69.0,2,True
INV003660,79.0,6,True
INV003661,129.66666666666666,4,True
INV003662,,1,False
INV003663,69.0,2,True
INV003664,170.66666666666666,4,True
INV003665,139.0,4,True
INV003666,85.25,5,True
INV003667,,1,False
INV003668,202.0,2,True
INV003669,53.5,7,True
INV003670,70.85714285714286,8,True
INV003671,148.0,3,True
INV003672,77.2,6,True
INV003673,68.85714285714286,8,True
INV003674,78.33333333333333,4,True
INV003675,65.66666666666667,4,True
INV003676,44.0,2,True
INV003677,118.66666666666667,4,True
INV003678,32.8,6,False
INV003680,155.5,3,True
INV003681,51.0,9,True
INV003682,87.0,2,True
INV003683,92.4,6,True
INV003684,98.2,6,True
INV003685,80.2,6,True
INV003686,96.6,6,True
INV003687,,1,False
INV003688,,1,False
INV003689,,1,False
INV003690,193.0,2,True
INV003691,307.0,2,True
INV003692,27.5,3,False
INV003693,71.33333333333333,7,True
INV003694,106.33333333333333,4,True
INV003695,51.666666666666664,7,True
INV003696,75.8,6,True
INV003697,76.66666666666667,7,True
INV003698,137.0,4,True
INV003699,82.5,3,True
INV003700,100.0,3,True
INV003701,,1,False
INV003702,72.66666666666667,7,True
INV003703,100.0,3,True
INV003704,,1,False
INV003705,78.8,6,True
INV003706,,1,False
INV003707,68.6,6,True
INV003708,60.5,7,True
INV003709,80.2,6,True
INV003710,78.6,6,True
INV003711,72.2,6,True
INV003712,79.6,6,True
INV003713,81.5,7,True
INV003714,,1,False
INV003716,87.25,5,True
INV003717,196.0,3,True
INV003718,91.4,6,True
INV003719,71.0,3,True
INV003720,74.6,6,True
INV003721,360.0,2,True
INV003722,50.666666666666664,7,True
INV003723,61.8,6,True
INV003724,68.0,7,True
INV003725,214.0,3,True
INV003726,93.66666666666667,4,True
INV003727,386.0,2,True
INV003728,4.0,2,False
INV003729,,1,False
INV003730,223.0,2,True
INV003731,141.0,4,True
INV003732,101.25,5,True
INV003733,88.8,6,True
INV003734,59.0,8,True
INV003735,45.857142857142854,8,True
INV003736,77.16666666666667,7,True
INV003737,103.75,5,True
INV003738,50.6,6,True
INV003739,44.333333333333336,4,True
INV003740,51.833333333333336,7,True
INV003741,67.66666666666667,7,True
INV003742,150.0,2,True
INV003743,76.33333333333333,4,True
INV003744,86.8,6,True
INV003745,70.2,6,True
INV003747,95.0,5,True
INV003748,56.142857142857146,8,True
INV003749,60.5,3,True
INV003750,113.5,5,True
INV003751,100.25,5,True
INV003752,145.0,2,True
INV003753,134.0,2,True
INV003755,96.0,4,True
INV003756,138.33333333333334,4,True
INV003757,81.83333333333333,7,True
INV003758,96.66666666666667,4,True
INV003759,,1,False
INV003760,200.0,2,True
INV003761,51.857142857142854,8,True
INV003762,83.33333333333333,4,True
INV003763,168.0,2,True
INV003764,,1,False
INV003765,117.75,5,True
INV003766,65.28571428571429,8,True
INV003767,47.5,9,True
INV003768,323.0,2,True
INV003769,9.333333333333334,4,False
INV003770,,1,False
INV003771,50.77777777777778,10,True
INV003772,34.5,9,False
INV003773,106.0,3,True
INV003774,,1,False
INV003775,74.0,6,True
INV003776,,1,False
INV003777,,1,False
INV003778,90.25,5,True
INV003779,76.4,6,True
INV003780,57.42857142857143,8,True
INV003781,64.83333333333333,7,True
INV003782,88.0,5,True
INV003783,53.75,5,True
INV003784,,1,False
INV003785,74.2,6,True
INV003786,46.0,2,True
INV003787,63.25,9,True
INV003788,123.5,3,True
INV003789,174.5,3,True
INV003791,54.5,5,True
INV003792,67.0,4,True
INV003793,72.33333333333333,7,True
INV003794,236.0,2,True
INV003795,67.66666666666667,7,True
INV003796,,1,False
INV003797,52.5,3,True
INV003798,42.75,5,True
INV003799,79.25,5,True
INV003800,191.0,3,True
INV003801,119.33333333333333,4,True
INV003802,,1,False
INV003803,48.0,2,True
INV003804,97.0,2,True
INV003805,185.0,2,True
INV003806,103.75,5,True
INV003807,,1,False
INV003808,33.5,3,False
INV003809,84.0,2,True
INV003810,253.0,2,True
INV003811,78.66666666666667,7,True
INV003812,50.833333333333336,7,True
INV003813,82.2,6,True
INV003814,164.0,2,True
INV003815,72.5,7,True
INV003816,13.0,2,False
INV003817,119.0,2,True
INV003818,248.0,2,True
INV003819,69.0,4,True
INV003820,211.0,3,True
INV003821,87.66666666666667,4,True
INV003822,77.0,4,True
INV003823,71.75,5,True
INV003824,71.5,7,True
INV003825,81.2,6,True
INV003826,,1,False
INV003827,,1,False
INV003828,30.666666666666668,7,False
INV003829,48.55555555555556,10,True
INV003830,71.4,6,True
INV003831,,1,False
INV003832,110.33333333333333,4,True
INV003833,60.333333333333336,4,True
INV003834,88.0,4,True
INV003835,73.66666666666667,4,True
INV003836,81.75,5,True
INV003837,,1,False
INV003839,139.0,2,True
INV003840,64.5,3,True
INV003842,,1,False
INV003844,68.5,7,True
INV003845,83.0,3,True
INV003846,103.25,5,True
INV003847,50.0,8,True
INV003848,96.33333333333333,4,True
INV003849,77.2,6,True
INV003850,,1,False
INV003851,57.833333333333336,7,True
INV003852,273.0,2,True
INV003853,114.5,5,True
INV003854,95.0,3,True
INV003855,64.0,3,True
INV003856,68.33333333333333,4,True
INV003857,,1,False
INV003858,114.0,4,True
INV003859,79.5,3,True
INV003860,46.0,6,True
INV003862,60.166666666666664,7,True
INV003863,471.0,2,True
INV003864,177.0,3,True
INV003865,85.16666666666667,7,True
INV003866,,1,False
INV003867,156.0,2,True
INV003868,87.6,6,True
INV003869,145.66666666666666,4,True
INV003871,,1,False
INV003872,45.375,9,True
INV003873,199.5,3,True
INV003874,25.0,5,False
INV003875,,1,False
INV003876,77.6,6,True
INV003877,83.0,4,True
INV003878,43.25,5,True
INV003879,243.0,2,True
INV003880,68.57142857142857,8,True
INV003881,,1,False
INV003882,138.66666666666666,4,True
INV003883,49.25,5,True
INV003884,23.0,4,False
INV003885,71.6,6,True
INV003886,,1,False
INV003887,174.0,3,True
INV003888,115.75,5,True
INV003889,,1,False
INV003891,73.66666666666667,4,True
INV003892,55.22222222222222,10,True
INV003893,308.0,2,True
INV003894,162.0,2,True
INV003895,,1,False
INV003896,82.0,6,True
INV003897,71.6,6,True
INV003898,386.0,2,True
INV003899,103.0,5,True
INV003900,92.0,2,True
INV003901,90.5,5,True
INV003902,94.5,5,True
INV003903,50.285714285714285,8,True
INV003904,94.0,3,True
INV003905,62.5,7,True
INV003906,55.111111111111114,10,True
INV003907,54.0,5,True
INV003908,39.0,4,True
INV003909,131.5,3,True
INV003910,48.333333333333336,4,True
INV003911,113.0,5,True
INV003912,68.6,6,True
INV003913,61.42857142857143,8,True
INV003914,,1,False
INV003915,,1,False
INV003916,67.2,6,True
INV003917,294.0,2,True
INV003918,108.75,5,True
INV003919,315.0,2,True
INV003920,66.85714285714286,8,True
INV003921,90.0,2,True
INV003923,,1,False
INV003924,231.0,2,True
INV003925,102.5,5,True
INV003926,159.33333333333334,4,True
INV003927,,1,False
INV003928,113.66666666666667,4,True
INV003931,258.0,2,True
INV003932,76.33333333333333,4,True
INV003933,,1,False
INV003934,82.0,2,True
INV003935,,1,False
INV003936,89.6,6,True
INV003937,84.0,3,True
INV003938,52.5,7,True
INV003939,159.0,2,True
INV003940,70.66666666666667,7,True
INV003941,153.0,3,True
INV003942,94.0,5,True
INV003943,42.5,9,True
INV003944,,1,False
INV003945,56.333333333333336,7,True
INV003946,69.16666666666667,7,True
INV003947,84.66666666666667,4,True
INV003948,43.666666666666664,7,True
INV003949,95.33333333333333,4,True
INV003950,84.0,3,True
INV003951,113.5,5,True
INV003952,54.666666666666664,7,True
INV003953,153.0,2,True
INV003954,105.66666666666667,4,True
INV003955,78.5,5,True
INV003956,167.0,3,True
INV003957,152.33333333333334,4,True
INV003958,85.6,6,True
INV003959,,1,False
INV003960,126.66666666666667,4,True
INV003961,157.66666666666666,4,True
INV003962,68.71428571428571,8,True
INV003963,48.666666666666664,4,True
INV003964,51.22222222222222,10,True
INV003965,,1,False
INV003966,38.0,2,True
INV003967,182.0,3,True
INV003968,92.4,6,True
INV003969,175.0,2,True
INV003970,66.66666666666667,4,True
INV003971,81.0,4,True
INV003972,84.2,6,True
INV003973,64.5,5,True
INV003974,77.75,5,True
INV003975,50.142857142857146,8,True
INV003976,176.5,3,True
INV003977,85.75,5,True
INV003978,68.14285714285714,8,True
INV003979,56.0,8,True
INV003980,94.0,2,True
INV003981,67.66666666666667,7,True
INV003982,15.0,2,False
INV003984,37.0,3,True
INV003985,93.0,6,True
INV003986,110.33333333333333,4,True
INV003987,72.25,5,True
INV003988,,1,False
INV003989,83.0,4,True
INV003990,,1,False
INV003991,286.0,2,True
INV003992,68.0,4,True
INV003993,115.5,3,True
INV003994,,1,False
INV003995,84.33333333333333,4,True
INV003996,95.2,6,True
INV003997,91.5,5,True
INV003998,143.5,3,True
INV003999,,1,False
INV004000,,1,False
INV004001,40.285714285714285,8,True
INV004002,,1,False
INV004003,109.66666666666667,4,True
INV004004,40.77777777777778,10,True
INV004005,73.66666666666667,7,True
INV004006,46.5,5,True
INV004007,38.833333333333336,7,True
INV004008,169.0,3,True
INV004009,62.285714285714285,8,True
INV004011,130.0,4,True
INV004012,109.75,5,True
INV004014,61.875,9,True
INV004015,88.0,6,True
INV004016,113.5,3,True
INV004017,40.5,7,True
INV004018,79.25,5,True
INV004019,87.25,5,True
INV004020,,1,False
INV004021,,1,False
INV004022,,1,False
INV004023,52.0,10,True
INV004024,99.25,5,True
INV004025,143.0,3,True
INV004026,94.5,5,True
INV004027,173.0,2,True
INV004028,101.75,5,True
INV004029,,1,False
INV004030,121.25,5,True
INV004031,72.0,2,True
INV004032,115.33333333333333,4,True
INV004033,98.0,3,True
INV004034,,1,False
INV004035,77.0,3,True
INV004036,,1,False
INV004037,74.6,6,True
INV004038,71.66666666666667,7,True
INV004039,198.0,2,True
INV004040,85.0,4,True
INV004041,172.0,2,True
INV004042,,1,False
INV004043,152.5,3,True
INV004044,86.0,3,True
INV004045,68.25,5,True
INV004046,145.0,3,True
INV004047,,1,False
INV004048,,1,False
INV004049,48.2,6,True
INV004050,83.66666666666667,4,True
INV004051,91.0,5,True
INV004052,242.0,3,True
INV004053,,1,False
INV004054,,1,False
INV004055,,1,False
INV004056,153.0,3,True
INV004057,,1,False
INV004058,134.5,3,True
INV004059,345.0,2,True
INV004060,,1,False
INV004061,91.0,3,True
INV004062,386.0,2,True
INV004063,56.57142857142857,8,True
INV004064,152.66666666666666,4,True
INV004065,,1,False
INV004066,75.16666666666667,7,True
INV004067,123.66666666666667,4,True
INV004068,153.0,2,True
INV004069,74.0,6,True
INV004070,67.66666666666667,7,True
INV004071,125.33333333333333,4,True
INV004072,,1,False
INV004073,93.75,5,True
INV004074,47.0,3,True
INV004075,102.75,5,True
INV004076,95.25,5,True
INV004077,96.5,3,True
INV004078,123.33333333333333,4,True
INV004079,71.33333333333333,7,True
INV004080,132.0,4,True
INV004081,247.5,3,True
INV004082,32.0,3,False
INV004083,,1,False
INV004084,12.0,3,False
INV004085,68.33333333333333,7,True
INV004086,,1,False
INV004088,,1,False
INV004089,294.0,2,True
INV004090,43.0,3,True
INV004091,73.6,6,True
INV004092,,1,False
INV004093,,1,False
INV004094,55.8,6,True
INV004095,335.0,2,True
INV004096,97.5,5,True
INV004097,152.5,3,True
INV004098,58.2,6,True
INV004099,58.8,6,True
INV004100,22.0,2,False
INV004101,,1,False
INV004102,68.33333333333333,4,True
INV004103,,1,False
INV004104,100.75,5,True
INV004105,155.0,2,True
INV004106,55.8,6,True
INV004107,11.0,2,False
INV004108,105.0,4,True
INV004109,89.25,5,True
INV004110,32.0,2,False
INV004111,,1,False
INV004112,55.2,6,True
INV004113,104.0,2,True
INV004114,40.333333333333336,4,True
INV004115,78.5,3,True
INV004116,54.888888888888886,10,True
INV004117,37.5,3,True
INV004118,64.6,6,True
INV004119,73.2,6,True
INV004120,88.0,4,True
INV004121,185.0,2,True
INV004122,136.0,2,True
INV004123,85.0,6,True
INV004124,63.8,6,True
INV004125,61.625,9,True
INV004126,,1,False
INV004127,87.6,6,True
INV004128,67.2,6,True
INV004129,175.0,2,True
INV004130,180.0,2,True
INV004131,98.25,5,True
INV004132,70.5,3,True
INV004133,106.5,3,True
INV004134,35.4,6,True
INV004135,50.111111111111114,10,True
INV004137,25.75,5,False
INV004138,93.0,5,True
INV004139,317.0,2,True
INV004140,237.5,3,True
INV004142,87.25,5,True
INV004143,97.0,6,True
INV004144,82.0,2,True
INV004145,66.2,6,True
INV004146,88.2,6,True
INV004147,72.2,6,True
INV004148,101.75,5,True
INV004149,50.2,6,True
INV004151,63.142857142857146,8,True
INV004152,67.0,5,True
INV004153,60.0,8,True
INV004154,46.72727272727273,12,True
INV004155,,1,False
INV004156,,1,False
INV004157,130.5,3,True
INV004158,,1,False
INV004159,76.0,4,True
INV004160,149.66666666666666,4,True
INV004161,183.0,3,True
INV004162,157.5,3,True
INV004163,60.666666666666664,4,True
INV004164,76.0,2,True
INV004165,212.0,2,True
INV004166,102.0,2,True
INV004167,,1,False
INV004168,74.0,2,True
INV004169,146.5,3,True
INV004170,,1,False
INV004171,79.0,2,True
INV004172,63.0,8,True
INV004173,166.33333333333334,4,True
INV004174,86.6,6,True
INV004175,67.85714285714286,8,True
INV004176,,1,False
INV004177,45.42857142857143,8,True
INV004178,117.75,5,True
INV004179,71.2,6,True
INV004180,13.0,2,False
INV004181,93.4,6,True
INV004182,46.0,2,True
INV004183,23.333333333333332,4,False
INV004184,90.5,5,True
INV004185,62.25,5,True
INV004186,21.0,2,False
INV004187,27.0,2,False
INV004188,,1,False
INV004189,275.0,2,True
INV004190,90.0,4,True
INV004191,77.16666666666667,7,True
INV004192,9.5,3,False
INV004193,5.0,2,False
INV004194,111.0,3,True
INV004195,156.0,2,True
INV004196,78.33333333333333,7,True
INV004197,187.0,3,True
INV004198,168.0,2,True
INV004199,58.2,6,True
INV004200,,1,False
INV004201,,1,False
INV004202,47.625,9,True
INV004203,66.57142857142857,8,True
INV004204,27.0,3,False
INV004205,96.25,5,True
INV004206,,1,False
INV004207,8.0,2,False
INV004208,73.4,6,True
INV004209,,1,False
INV004210,53.666666666666664,4,True
INV004211,390.0,2,True
INV004212,69.33333333333333,7,True
INV004213,,1,False
INV004214,101.0,3,True
INV004215,40.0,2,True
INV004216,82.0,7,True
INV004217,,1,False
INV004220,109.5,3,True
INV004221,,1,False
INV004222,86.0,4,True
INV004223,119.25,5,True
INV004224,35.5,5,True
INV004225,50.25,5,True
INV004226,120.66666666666667,4,True
INV004227,42.0,2,True
INV004228,72.33333333333333,7,True
INV004229,155.5,3,True
INV004230,203.0,2,True
INV004231,105.0,5,True
INV004232,71.4,6,True
INV004233,55.0,2,True
INV004234,,1,False
INV004235,,1,False
INV004236,23.0,2,False
INV004237,114.75,5,True
INV004238,41.0,3,True
INV004239,61.142857142857146,8,True
INV004240,101.25,5,True
INV004241,53.666666666666664,10,True
INV004242,133.0,2,True
INV004243,55.714285714285715,8,True
INV004244,102.0,2,True
INV004246,34.166666666666664,7,False
INV004247,87.2,6,True
INV004248,42.666666666666664,7,True
INV004249,,1,False
INV004250,109.0,3,True
INV004251,,1,False
INV004252,97.0,5,True
INV004253,167.66666666666666,4,True
INV004254,143.0,4,True
INV004255,,1,False
INV004256,213.5,3,True
INV004257,98.66666666666667,4,True
INV004258,49.666666666666664,7,True
INV004259,116.5,3,True
INV004260,,1,False
INV004261,237.0,3,True
INV004262,139.0,3,True
INV004263,114.0,5,True
INV004264,173.5,3,True
INV004265,105.25,5,True
INV004266,61.833333333333336,7,True
INV004267,53.333333333333336,7,True
INV004268,94.0,3,True
INV004269,,1,False
INV004270,69.66666666666667,7,True
INV004271,79.8,6,True
INV004272,35.5,5,True
INV004273,69.33333333333333,4,True
INV004274,138.66666666666666,4,True
INV004275,,1,False
INV004276,32.0,3,False
INV004277,112.25,5,True
INV004278,94.0,5,True
INV004279,50.285714285714285,8,True
INV004280,60.0,4,True
INV004281,41.714285714285715,8,True
INV004282,52.857142857142854,8,True
INV004283,70.25,5,True
INV004284,136.0,2,True
INV004285,76.16666666666667,7,True
INV004287,52.5,5,True
INV004288,72.83333333333333,7,True
INV004289,45.9,11,True
INV004290,110.25,5,True
INV004291,145.0,2,True
INV004293,81.8,6,True
INV004294,166.5,3,True
INV004295,44.75,9,True
INV004296,102.2,6,True
INV004297,41.875,9,True
INV004298,76.5,5,True
INV004299,64.14285714285714,8,True
INV004300,54.666666666666664,4,True
INV004301,107.5,3,True
INV004302,113.66666666666667,4,True
INV004303,76.33333333333333,4,True
INV004304,160.0,3,True
INV004305,133.0,3,True
INV004306,57.0,7,True
INV004307,75.75,5,True
INV004308,84.66666666666667,7,True
INV004309,,1,False
INV004310,145.0,3,True
INV004311,,1,False
INV004312,,1,False
INV004313,68.5,3,True
INV004314,83.0,6,True
INV004315,,1,False
INV004316,55.0,4,True
INV004317,,1,False
INV004318,99.5,5,True
INV004319,60.5,9,True
INV004320,96.75,5,True
INV004321,42.0,9,True
INV004322,145.0,3,True
INV004323,,1,False
INV004324,77.66666666666667,7,True
INV004326,40.111111111111114,10,True
INV004328,215.0,3,True
INV004329,201.5,3,True
INV004330,107.0,2,True
INV004331,,1,False
INV004332,64.71428571428571,8,True
INV004333,55.0,3,True
INV004334,127.33333333333333,4,True
INV004335,64.42857142857143,8,True
INV004336,119.66666666666667,4,True
INV004337,6.0,2,False
INV004338,48.888888888888886,10,True
INV004339,113.0,5,True
INV004340,67.8,6,True
INV004341,98.25,5,True
INV004342,97.0,5,True
INV004343,63.0,6,True
INV004345,63.25,5,True
INV004346,126.0,3,True
INV004347,83.0,5,True
INV004348,52.2,6,True
INV004349,72.5,7,True
INV004350,140.5,3,True
INV004351,275.0,2,True
INV004352,85.0,4,True
INV004353,56.0,5,True
INV004354,99.33333333333333,4,True
INV004355,,1,False
INV004356,30.8,6,False
INV004357,72.42857142857143,8,True
INV004358,45.857142857142854,8,True
INV004359,110.0,2,True
INV004360,64.25,5,True
INV004361,61.57142857142857,8,True
INV004362,58.75,5,True
INV004363,116.66666666666667,4,True
INV004364,80.6,6,True
INV004365,88.75,5,True
INV004366,83.66666666666667,4,True
INV004367,81.6,6,True
INV004368,81.0,5,True
INV004369,51.5,5,True
INV004370,,1,False
INV004371,130.5,3,True
INV004372,59.2,6,True
INV004373,,1,False
INV004374,88.0,5,True
INV004375,111.0,4,True
INV004376,95.0,4,True
INV004377,118.66666666666667,4,True
INV004378,167.0,3,True
INV004379,76.0,3,True
INV004380,133.5,3,True
INV004381,124.66666666666667,4,True
INV004382,261.0,2,True
INV004383,,1,False
INV004384,31.666666666666668,4,False
INV004385,,1,False
INV004386,,1,False
INV004387,93.0,2,True
INV004388,28.5,5,False
INV004389,,1,False
INV004390,,1,False
INV004391,57.0,6,True
INV004392,90.4,6,True
INV004393,115.0,3,True
INV004394,260.0,2,True
INV004395,,1,False
INV004398,144.0,3,True
INV004399,,1,False
INV004400,46.57142857142857,8,True
INV004401,69.85714285714286,8,True
INV004402,,1,False
INV004403,73.6,6,True
INV004404,165.0,2,True
INV004406,99.0,2,True
INV004407,41.666666666666664,4,True
INV004408,185.0,3,True
INV004410,40.9,11,True
INV004411,61.0,6,True
INV004412,82.33333333333333,7,True
INV004413,69.0,8,True
INV004414,53.857142857142854,8,True
INV004415,250.0,2,True
INV004416,,1,False
INV004417,,1,False
INV004418,59.25,5,True
INV004419,,1,False
INV004420,145.0,4,True
INV004421,90.8,6,True
INV004422,,1,False
INV004423,,1,False
INV004424,101.0,2,True
INV004425,164.0,3,True
INV004426,112.0,3,True
INV004427,50.8,11,True
INV004428,28.666666666666668,4,False
INV004430,122.0,2,True
INV004433,,1,False
INV004434,84.6,6,True
INV004435,108.0,2,True
INV004436,94.25,5,True
INV004437,248.0,2,True
INV004438,89.0,2,True
INV004439,129.0,3,True
INV004440,148.5,3,True
INV004441,92.25,5,True
INV004442,125.33333333333333,4,True
INV004443,99.25,5,True
INV004444,48.0,2,True
INV004445,128.0,4,True
INV004446,65.8,6,True
INV004447,49.833333333333336,7,True
INV004448,87.0,4,True
INV004449,86.66666666666667,4,True
INV004450,61.6,6,True
INV004451,84.0,6,True
INV004452,81.0,7,True
INV004453,53.5,3,True
INV004454,98.4,6,True
INV004455,50.0,6,True
INV004456,162.0,2,True
INV004457,81.4,6,True
INV004458,,1,False
INV004459,53.833333333333336,7,True
INV004460,42.5,9,True
INV004461,113.0,3,True
INV004462,203.5,3,True
INV004463,94.8,6,True
INV004464,62.5,7,True
INV004465,78.75,5,True
INV004466,115.5,5,True
INV004467,85.0,5,True
INV004468,76.83333333333333,7,True
INV004469,,1,False
INV004471,148.0,4,True
INV004472,50.666666666666664,7,True
INV004473,73.33333333333333,7,True
INV004474,83.0,5,True
INV004475,67.83333333333333,7,True
INV004476,142.33333333333334,4,True
INV004477,58.714285714285715,8,True
INV004479,71.0,5,True
INV004480,,1,False
INV004481,102.0,3,True
INV004482,120.66666666666667,4,True
INV004483,184.0,3,True
INV004484,61.6,6,True
INV004485,77.0,3,True
INV004486,149.0,3,True
INV004487,59.0,3,True
INV004488,111.75,5,True
INV004489,259.0,2,True
INV004490,78.0,3,True
INV004491,142.5,3,True
INV004492,116.0,4,True
INV004493,111.0,5,True
INV004494,213.0,3,True
INV004495,74.33333333333333,4,True
INV004496,124.25,5,True
INV004497,125.5,5,True
INV004498,95.5,3,True
INV004500,,1,False
INV004501,18.0,2,False
INV004502,74.5,7,True
INV004503,,1,False
INV004504,55.142857142857146,8,True
INV004505,20.0,5,False
INV004506,173.0,3,True
INV004507,,1,False
INV004508,142.0,4,True
INV004509,102.0,5,True
INV004510,213.0,3,True
INV004511,37.2,6,True
INV004512,,1,False
INV004513,120.25,5,True
INV004514,96.0,5,True
INV004515,41.0,3,True
INV004516,186.0,3,True
INV004517,86.6,6,True
INV004518,106.25,5,True
INV004519,206.0,3,True
INV004520,97.5,5,True
INV004521,54.5,7,True
INV004522,,1,False
INV004523,87.2,6,True
INV004524,429.0,2,True
INV004525,210.0,2,True
INV004526,89.0,4,True
INV004527,55.666666666666664,4,True
INV004528,54.0,7,True
INV004529,143.33333333333334,4,True
INV004530,66.0,2,True
INV004531,60.0,8,True
INV004532,,1,False
INV004533,55.0,7,True
INV004534,74.5,5,True
INV004535,446.0,2,True
INV004536,,1,False
INV004537,69.0,2,True
INV004538,,1,False
INV004539,,1,False
INV004540,44.333333333333336,4,True
INV004541,,1,False
INV004542,34.0,7,False
INV004543,225.0,2,True
INV004544,68.0,4,True
INV004545,57.666666666666664,4,True
INV004546,137.33333333333334,4,True
INV004547,67.5,7,True
INV004548,162.0,4,True
INV004549,84.75,5,True
INV004551,52.0,4,True
INV004552,,1,False
INV004553,82.25,5,True
INV004555,53.142857142857146,8,True
INV004556,,1,False
INV004557,108.0,5,True
INV004558,291.0,2,True
INV004560,48.375,9,True
INV004561,186.5,3,True
INV004562,83.8,6,True
INV004563,64.83333333333333,7,True
INV004564,,1,False
INV004565,233.5,3,True
INV004566,84.0,3,True
INV004567,114.5,5,True
INV004568,78.66666666666667,4,True
INV004569,,1,False
INV004570,,1,False
INV004572,,1,False
INV004573,69.66666666666667,4,True
INV004574,54.57142857142857,8,True
INV004575,126.0,2,True
INV004576,63.0,6,True
INV004577,,1,False
INV004578,40.666666666666664,4,True
INV004579,43.857142857142854,8,True
INV004580,,1,False
INV004581,72.14285714285714,8,True
INV004582,140.33333333333334,4,True
INV004583,380.0,2,True
INV004584,73.66666666666667,4,True
INV004585,82.0,4,True
INV004586,,1,False
INV004587,,1,False
INV004588,,1,False
INV004589,71.4,6,True
INV004590,,1,False
INV004591,13.0,2,False
INV004592,77.0,5,True
INV004593,107.25,5,True
INV004594,59.142857142857146,8,True
INV004595,65.0,5,True
INV004596,,1,False
INV004597,,1,False
INV004598,84.2,6,True
INV004599,,1,False
INV004600,211.5,3,True
INV004602,59.625,9,True
INV004603,,1,False
INV004604,69.75,5,True
INV004605,,1,False
INV004606,84.0,4,True
INV004607,56.0,8,True
INV004608,55.0,8,True
INV004609,136.33333333333334,4,True
INV004610,,1,False
INV004611,51.166666666666664,7,True
INV004612,,1,False
INV004614,79.6,6,True
INV004615,383.0,2,True
INV004616,78.75,5,True
INV004617,39.25,9,True
INV004618,,1,False
INV004619,45.666666666666664,4,True
INV004620,196.0,2,True
INV004621,54.25,9,True
INV004622,235.5,3,True
INV004623,86.5,3,True
INV004624,,1,False
INV004625,96.4,6,True
INV004626,180.5,3,True
INV004627,96.5,5,True
INV004628,,1,False
INV004629,64.57142857142857,8,True
INV004630,50.625,9,True
INV004631,64.71428571428571,8,True
INV004632,110.0,4,True
INV004633,78.16666666666667,7,True
INV004634,95.33333333333333,4,True
INV004635,58.666666666666664,7,True
INV004636,75.6,6,True
INV004637,197.0,3,True
INV004638,54.333333333333336,7,True
INV004639,30.0,3,False
INV004640,68.33333333333333,7,True
INV004641,67.8,6,True
INV004642,54.8,6,True
INV004643,50.6,6,True
INV004644,8.0,2,False
INV004645,297.0,2,True
INV004646,64.5,7,True
INV004647,70.66666666666667,7,True
INV004648,79.33333333333333,4,True
INV004649,,1,False
INV004650,80.8,6,True
INV004651,38.75,5,True
INV004652,19.0,2,False
INV004653,169.5,3,True
INV004654,104.5,5,True
INV004655,120.66666666666667,4,True
INV004656,233.5,3,True
INV004657,,1,False
INV004659,65.66666666666667,4,True
INV004660,151.5,3,True
INV004661,69.71428571428571,8,True
INV004662,,1,False
INV004663,,1,False
INV004664,188.5,3,True
INV004665,83.4,6,True
INV004666,,1,False
INV004667,106.0,2,True
INV004668,221.0,2,True
INV004669,24.666666666666668,4,False
INV004670,,1,False
INV004672,72.0,7,True
INV004673,87.66666666666667,4,True
INV004674,5.0,2,False
INV004675,,1,False
INV004676,255.0,2,True
INV004677,113.66666666666667,4,True
INV004678,121.0,4,True
INV004679,110.0,5,True
INV004680,47.166666666666664,7,True
INV004681,7.0,2,False
INV004682,42.25,9,True
INV004683,253.0,2,True
INV004684,201.0,3,True
INV004685,,1,False
INV004686,,1,False
INV004687,103.33333333333333,4,True
INV004688,77.6,6,True
INV004689,129.0,3,True
INV004690,,1,False
INV004691,,1,False
INV004692,83.6,6,True
INV004693,59.0,5,True
INV004694,109.75,5,True
INV004695,118.0,5,True
INV004696,12.0,4,False
INV004697,,1,False
INV004698,202.0,3,True
INV004699,110.66666666666667,4,True
INV004700,116.5,3,True
INV004701,20.0,7,False
INV004702,105.0,3,True
INV004703,228.0,2,True
INV004704,93.8,6,True
INV004705,,1,False
INV004707,,1,False
INV004709,72.66666666666667,4,True
INV004710,,1,False
INV004711,81.0,5,True
INV004712,48.57142857142857,8,True
INV004713,,1,False
INV004715,56.833333333333336,7,True
INV004716,74.0,7,True
INV004717,89.0,2,True
INV004718,146.0,2,True
INV004719,48.25,5,True
INV004720,100.0,4,True
INV004721,379.0,2,True
INV004722,200.0,3,True
INV004723,198.0,2,True
INV004724,49.0,3,True
INV004725,121.0,3,True
INV004727,203.0,2,True
INV004728,28.0,2,False
INV004730,191.0,2,True
INV004731,75.5,3,True
INV004733,78.25,5,True
INV004734,86.33333333333333,4,True
INV004735,88.0,3,True
INV004736,75.0,3,True
INV004737,54.55555555555556,10,True
INV004738,93.2,6,True
INV004739,110.25,5,True
INV004740,138.0,3,True
INV004741,72.33333333333333,7,True
INV004742,118.0,3,True
INV004743,,1,False
INV004744,104.0,3,True
INV004745,279.0,2,True
INV004746,,1,False
INV004747,116.0,5,True
INV004748,69.25,5,True
INV004749,80.0,2,True
INV004750,202.5,3,True
INV004751,136.5,3,True
INV004752,45.0,5,True
INV004753,61.4,6,True
INV004754,87.5,5,True
INV004755,61.166666666666664,7,True
INV004756,95.5,5,True
INV004757,,1,False
INV004758,186.5,3,True
INV004759,183.0,3,True
INV004760,126.0,2,True
INV004761,71.4,6,True
INV004762,,1,False
INV004763,83.5,7,True
INV004764,83.0,6,True
INV004765,40.0,2,True
INV004766,,1,False
INV004767,115.5,3,True
INV004768,,1,False
INV004769,100.75,5,True
INV004770,72.85714285714286,8,True
INV004771,113.5,5,True
INV004772,177.0,2,True
INV004773,,1,False
INV004774,107.5,3,True
INV004775,239.5,3,True
INV004776,57.375,9,True
INV004777,,1,False
INV004778,,1,False
INV004779,,1,False
INV004780,69.5,7,True
INV004781,94.0,3,True
INV004782,,1,False
INV004783,,1,False
INV004784,104.33333333333333,4,True
INV004785,66.16666666666667,7,True
INV004786,119.25,5,True
INV004787,72.33333333333333,7,True
INV004788,99.0,2,True
INV004790,94.0,4,True
INV004791,231.5,3,True
INV004792,193.0,2,True
INV004794,58.0,2,True
INV004795,13.0,2,False
INV004796,14.666666666666666,4,False
INV004797,69.0,4,True
INV004798,53.666666666666664,7,True
INV004799,123.0,2,True
INV004801,203.5,3,True
INV004802,90.0,5,True
INV004803,138.66666666666666,4,True
INV004804,79.2,6,True
INV004805,44.666666666666664,7,True
INV004806,93.0,2,True
INV004807,36.857142857142854,8,True
INV004808,104.5,3,True
INV004810,,1,False
INV004811,57.5,5,True
INV004812,38.0,2,True
INV004813,62.0,6,True
INV004814,99.33333333333333,4,True
INV004815,199.0,3,True
INV004816,191.0,2,True
INV004817,119.0,5,True
INV004818,69.33333333333333,4,True
INV004819,62.0,7,True
INV004820,118.0,2,True
INV004821,75.66666666666667,4,True
INV004822,93.75,5,True
INV004823,103.5,5,True
INV004825,70.0,7,True
INV004826,113.33333333333333,4,True
INV004827,179.0,2,True
INV004828,19.0,4,False
INV004829,71.75,5,True
INV004830,61.0,3,True
INV004831,293.0,2,True
INV004832,352.0,2,True
INV004833,65.4,6,True
INV004834,38.625,9,True
INV004835,92.25,5,True
INV004836,131.0,4,True
INV004837,110.25,5,True
INV004839,,1,False
INV004840,41.0,7,True
INV004841,157.33333333333334,4,True
INV004842,,1,False
INV004843,50.857142857142854,8,True
INV004844,66.66666666666667,7,True
INV004845,81.8,6,True
INV004846,119.0,4,True
INV004847,73.5,7,True
INV004848,54.125,9,True
INV004849,106.0,4,True
INV004850,103.25,5,True
INV004851,200.0,2,True
INV004852,211.5,3,True
INV004853,101.33333333333333,4,True
INV004854,120.0,5,True
INV004855,49.666666666666664,4,True
INV004856,81.0,4,True
INV004857,205.0,2,True
INV004858,100.5,5,True
INV004860,78.4,6,True
INV004861,261.0,2,True
INV004862,273.0,2,True
INV004863,68.0,7,True
INV004864,43.285714285714285,8,True
INV004865,76.33333333333333,7,True
INV004866,110.66666666666667,4,True
INV004867,134.0,4,True
INV004868,56.0,8,True
INV004869,71.0,2,True
INV004870,102.0,2,True
INV004871,69.14285714285714,8,True
INV004872,233.0,2,True
INV004874,191.5,3,True
INV004875,87.25,5,True
INV004876,102.5,5,True
INV004877,80.5,7,True
INV004878,,1,False
INV004879,,1,False
INV004880,72.75,5,True
INV004881,199.5,3,True
INV004882,139.0,2,True
INV004883,58.0,3,True
INV004884,124.0,3,True
INV004885,77.33333333333333,4,True
INV004886,134.0,2,True
INV004887,,1,False
INV004888,63.0,4,True
INV004889,70.66666666666667,7,True
INV004890,177.5,3,True
INV004891,55.857142857142854,8,True
INV004892,136.0,4,True
INV004893,16.0,2,False
INV004894,74.33333333333333,4,True
INV004895,90.5,3,True
INV004896,79.4,6,True
INV004897,,1,False
INV004898,,1,False
INV004899,70.0,5,True
INV004900,71.66666666666667,4,True
INV004901,54.6,6,True
INV004903,107.75,5,True
INV004904,74.0,3,True
INV004905,,1,False
INV004906,,1,False
INV004907,39.333333333333336,4,True
INV004908,93.0,5,True
INV004909,,1,False
INV004910,88.75,5,True
INV004911,63.666666666666664,7,True
INV004912,137.33333333333334,4,True
INV004913,87.0,6,True
INV004914,129.33333333333334,4,True
INV004915,55.0,5,True
INV004916,75.5,7,True
INV004917,51.0,7,True
INV004918,88.5,5,True
INV004919,117.5,3,True
INV004920,69.5,5,True
INV004921,,1,False
INV004922,214.5,3,True
INV004923,73.0,3,True
INV004924,59.75,9,True
INV004925,70.83333333333333,7,True
INV004926,66.28571428571429,8,True
INV004927,34.166666666666664,7,False
INV004928,,1,False
INV004929,150.66666666666666,4,True
INV004930,41.0,2,True
INV004931,213.0,2,True
INV004932,134.66666666666666,4,True
INV004933,53.0,3,True
INV004934,56.5,5,True
INV004935,152.0,2,True
INV004937,,1,False
INV004938,87.5,5,True
INV004939,87.0,5,True
INV004940,,1,False
INV004942,42.666666666666664,4,True
INV004943,132.33333333333334,4,True
INV004944,162.5,3,True
INV004945,115.5,5,True
INV004946,,1,False
INV004947,45.0,6,True
INV004948,105.33333333333333,4,True
INV004949,23.0,3,False
INV004950,106.25,5,True
INV004951,115.66666666666667,4,True
INV004952,258.0,2,True
INV004953,67.16666666666667,7,True
INV004954,184.0,2,True
INV004955,115.0,3,True
INV004956,59.142857142857146,8,True
INV004957,53.0,3,True
INV004958,73.16666666666667,7,True
INV004959,68.6,6,True
INV004960,68.5,3,True
INV004961,233.0,3,True
INV004962,77.5,5,True
INV004963,109.75,5,True
INV004964,143.5,3,True
INV004966,,1,False
INV004967,63.2,6,True
INV004968,36.75,5,True
INV004969,80.25,5,True
INV004970,61.5,5,True
INV004971,245.0,2,True
INV004972,171.5,3,True
INV004973,55.0,9,True
INV004974,52.42857142857143,8,True
INV004977,295.0,2,True
INV004978,63.833333333333336,7,True
INV004979,123.5,3,True
INV004980,139.0,3,True
INV004981,49.142857142857146,8,True
INV004982,123.33333333333333,4,True
INV004983,57.666666666666664,7,True
INV004984,75.33333333333333,7,True
INV004985,139.33333333333334,4,True
INV004986,81.33333333333333,7,True
INV004987,101.0,4,True
INV004988,443.0,2,True
INV004989,100.0,5,True
INV004990,80.66666666666667,4,True
INV004991,,1,False
INV004992,81.5,7,True
INV004993,188.0,2,True
INV004994,67.0,4,True
INV004995,75.33333333333333,4,True
INV004996,46.333333333333336,10,True
INV004997,71.0,7,True
INV004998,112.0,3,True
INV004999,108.0,2,True
